{"level":"info","message":"⌛ Building environment","timeElapsed":2255,"timestamp":"2026-09-05T00:38:52.638Z"}
{"level":"info","message":"⌛ Building environment","timeElapsed":1887,"timestamp":"2026-09-05T00:38:54.547Z"}
{"level":"info","message":"⌛ Building environment","timeElapsed":477,"timestamp":"2026-09-05T00:38:55.028Z"}
{"level":"info","message":"⌛ Building environment","timeElapsed":736,"timestamp":"2026-09-05T00:38:55.783Z"}
{"level":"info","message":"Removing diagnostics from /home/victoria/gamewlk-0/jueg","timestamp":"2026-09-05T00:38:55.786Z"}
{"level":"info","message":"⌛ Validating logica.wlk","timeElapsed":3222,"timestamp":"2026-09-05T00:38:59.023Z"}
{"level":"info","message":"⌛ Building environment","timeElapsed":1231,"timestamp":"2026-09-05T00:39:00.261Z"}
{"level":"info","message":"⌛ Validating logica.wlk","timeElapsed":2298,"timestamp":"2026-09-05T00:39:02.643Z"}
{"level":"info","message":"⌛ Building environment","timeElapsed":671,"timestamp":"2026-09-05T00:39:03.325Z"}
{"level":"info","message":"⌛ Building environment","timeElapsed":386,"timestamp":"2026-09-05T00:39:03.719Z"}
{"level":"info","message":"⌛ Validating logica.wlk","timeElapsed":2232,"timestamp":"2026-09-05T00:39:06.848Z"}
{"level":"info","message":"⌛ Validating logica.wlk","timeElapsed":1887,"timestamp":"2026-09-05T00:39:08.738Z"}
{"level":"info","message":"⌛ Building environment","timeElapsed":667,"timestamp":"2026-09-05T00:39:24.939Z"}
{"level":"info","message":"⌛ Building environment","timeElapsed":2738,"timestamp":"2026-09-05T00:39:27.683Z"}
{"level":"info","message":"⌛ Building environment","timeElapsed":1269,"timestamp":"2026-09-05T00:39:28.970Z"}
{"level":"info","message":"Removing diagnostics from /home/victoria/gamewlk-0/juego.pwlk","timestamp":"2026-09-05T00:39:29.287Z"}
{"level":"info","message":"⌛ Validating juego.wpgm","timeElapsed":654,"timestamp":"2026-09-05T00:39:29.949Z"}
{"level":"info","message":"⌛ Building environment","timeElapsed":698,"timestamp":"2026-09-05T00:39:35.064Z"}
{"level":"info","message":"⌛ Validating pruebas.wtest","timeElapsed":893,"timestamp":"2026-09-05T00:39:36.022Z"}
{"level":"info","message":"⌛ Building environment","timeElapsed":687,"timestamp":"2026-09-05T00:40:43.301Z"}
{"level":"info","message":"⌛ Building environment","timeElapsed":470,"timestamp":"2026-09-05T00:40:43.775Z"}
{"level":"info","message":"⌛ Autocomplete - Package","timeElapsed":155,"timestamp":"2026-09-05T00:40:43.933Z"}
{"level":"info","message":"⌛ Building environment","timeElapsed":489,"timestamp":"2026-09-05T00:40:44.526Z"}
{"level":"info","message":"⌛ Building environment","timeElapsed":1006,"timestamp":"2026-09-05T00:40:45.539Z"}
{"level":"info","message":"⌛ Validating logica.wlk","timeElapsed":1071,"timestamp":"2026-09-05T00:40:46.613Z"}
{"level":"info","message":"⌛ Building environment","timeElapsed":788,"timestamp":"2026-09-05T00:40:47.411Z"}
{"level":"info","message":"⌛ Building environment","timeElapsed":696,"timestamp":"2026-09-05T00:40:48.110Z"}
{"level":"info","message":"⌛ Building environment","timeElapsed":591,"timestamp":"2026-09-05T00:40:48.764Z"}
{"level":"info","message":"⌛ Validating logica.wlk","timeElapsed":1015,"timestamp":"2026-09-05T00:40:49.898Z"}
{"level":"info","message":"⌛ Building environment","timeElapsed":820,"timestamp":"2026-09-05T00:40:50.739Z"}
{"level":"info","message":"⌛ Building environment","timeElapsed":870,"timestamp":"2026-09-05T00:40:51.611Z"}
{"level":"info","message":"⌛ Building environment","timeElapsed":901,"timestamp":"2026-09-05T00:40:52.637Z"}
{"level":"info","message":"⌛ Building environment","timeElapsed":1736,"timestamp":"2026-09-05T00:40:54.394Z"}
{"level":"info","message":"⌛ Building environment","timeElapsed":913,"timestamp":"2026-09-05T00:40:55.358Z"}
{"level":"info","message":"⌛ Building environment","timeElapsed":373,"timestamp":"2026-09-05T00:40:55.862Z"}
{"level":"info","message":"⌛ Validating logica.wlk","timeElapsed":766,"timestamp":"2026-09-05T00:40:56.631Z"}
{"level":"info","message":"⌛ Building environment","timeElapsed":576,"timestamp":"2026-09-05T00:40:57.248Z"}
{"level":"info","message":"⌛ Building environment","timeElapsed":341,"timestamp":"2026-09-05T00:40:57.594Z"}
{"level":"info","message":"⌛ Validating logica.wlk","timeElapsed":936,"timestamp":"2026-09-05T00:40:58.642Z"}
{"level":"info","message":"⌛ Building environment","timeElapsed":574,"timestamp":"2026-09-05T00:40:59.344Z"}
{"level":"info","message":"⌛ Autocomplete - Package","timeElapsed":103,"timestamp":"2026-09-05T00:40:59.485Z"}
{"level":"info","message":"⌛ Building environment","timeElapsed":282,"timestamp":"2026-09-05T00:40:59.822Z"}
{"level":"info","message":"⌛ Building environment","timeElapsed":409,"timestamp":"2026-09-05T00:41:00.236Z"}
{"level":"info","message":"⌛ Building environment","timeElapsed":267,"timestamp":"2026-09-05T00:41:00.506Z"}
{"level":"info","message":"⌛ Building environment","timeElapsed":486,"timestamp":"2026-09-05T00:41:00.995Z"}
{"level":"info","message":"⌛ Building environment","timeElapsed":338,"timestamp":"2026-09-05T00:41:01.336Z"}
{"level":"info","message":"⌛ Validating logica.wlk","timeElapsed":994,"timestamp":"2026-09-05T00:41:02.470Z"}
{"level":"info","message":"⌛ Building environment","timeElapsed":517,"timestamp":"2026-09-05T00:41:03.014Z"}
{"level":"info","message":"⌛ Validating logica.wlk","timeElapsed":573,"timestamp":"2026-09-05T00:41:03.606Z"}
{"level":"info","message":"⌛ Validating logica.wlk","timeElapsed":513,"timestamp":"2026-09-05T00:41:04.121Z"}
{"level":"info","message":"⌛ Validating logica.wlk","timeElapsed":459,"timestamp":"2026-09-05T00:41:04.667Z"}
{"level":"info","message":"⌛ Validating logica.wlk","timeElapsed":499,"timestamp":"2026-09-05T00:41:05.167Z"}
{"level":"info","message":"⌛ Validating logica.wlk","timeElapsed":719,"timestamp":"2026-09-05T00:41:05.888Z"}
{"level":"error","message":"✘ Failed to get type description: Error: Failed to print, found malformed node Failed to print, found malformed node","node":{"fileName":"logica.wlk","id":"7ea3035e-b8f3-4ae3-a5f0-4e8c649758fe","imports":[{"entity":{"id":"3c6b8ee6-ccbb-47fa-b272-5a789f5ff8c7","metadata":[],"name":"wollok.game","scope":{"containerScope":{"containerScope":{"contributions":{},"includedScopes":[]},"contributions":{},"includedScopes":[]},"contributions":{},"includedScopes":[]},"sourceMap":{"end":{"column":19,"line":1,"offset":18},"start":{"column":8,"line":1,"offset":7}}},"id":"fd10a195-ea6d-47f7-a0ce-db7bf82e772f","isGeneric":false,"metadata":[],"scope":{"containerScope":{"contributions":{},"includedScopes":[]},"contributions":{},"includedScopes":[]},"sourceMap":{"end":{"column":19,"line":1,"offset":18},"start":{"column":1,"line":1,"offset":0}}}],"members":[],"metadata":[],"name":"logica","problems":[{"code":"malformedEntity","sourceMap":{"end":{"column":0,"line":2,"offset":19},"start":{"column":19,"line":1,"offset":18}}}],"scope":{"containerScope":{"contributions":{},"includedScopes":[]},"contributions":{},"includedScopes":[{"contributions":{},"includedScopes":[]}]}},"stack":"Error: Failed to print, found malformed node\n    at /home/victoria/.vscode/extensions/uqbar.wollok-lsp-ide-0.5.5/out/server/src/server.js:68:3585\n    at Ybn (/home/victoria/.vscode/extensions/uqbar.wollok-lsp-ide-0.5.5/out/server/src/server.js:68:3396)\n    at /home/victoria/.vscode/extensions/uqbar.wollok-lsp-ide-0.5.5/out/server/src/server.js:2430:847\n    at /home/victoria/.vscode/extensions/uqbar.wollok-lsp-ide-0.5.5/out/server/src/server.js:2430:8440\n    at /home/victoria/.vscode/extensions/uqbar.wollok-lsp-ide-0.5.5/out/server/src/server.js:37:74770\n    at Ke (/home/victoria/.vscode/extensions/uqbar.wollok-lsp-ide-0.5.5/out/server/src/server.js:7:8527)\n    at It (/home/victoria/.vscode/extensions/uqbar.wollok-lsp-ide-0.5.5/out/server/src/server.js:7:6189)\n    at et (/home/victoria/.vscode/extensions/uqbar.wollok-lsp-ide-0.5.5/out/server/src/server.js:7:6378)\n    at Immediate._onImmediate (/home/victoria/.vscode/extensions/uqbar.wollok-lsp-ide-0.5.5/out/server/src/server.js:7:6142)\n    at process.processImmediate (node:internal/timers:485:21)","timestamp":"2026-09-05T00:41:06.015Z"}
{"level":"info","message":"⌛ Validating logica.wlk","timeElapsed":409,"timestamp":"2026-09-05T00:41:06.426Z"}
{"level":"info","message":"⌛ Building environment","timeElapsed":307,"timestamp":"2026-09-05T00:41:06.734Z"}
{"level":"info","message":"⌛ Validating logica.wlk","timeElapsed":427,"timestamp":"2026-09-05T00:41:07.319Z"}
{"level":"info","message":"⌛ Validating logica.wlk","timeElapsed":524,"timestamp":"2026-09-05T00:41:07.846Z"}
{"level":"info","message":"⌛ Validating logica.wlk","timeElapsed":446,"timestamp":"2026-09-05T00:41:08.294Z"}
{"level":"info","message":"⌛ Validating logica.wlk","timeElapsed":390,"timestamp":"2026-09-05T00:41:08.798Z"}
{"level":"info","message":"⌛ Validating logica.wlk","timeElapsed":623,"timestamp":"2026-09-05T00:41:09.435Z"}
{"level":"info","message":"⌛ Validating logica.wlk","timeElapsed":903,"timestamp":"2026-09-05T00:41:10.370Z"}
{"level":"info","message":"⌛ Validating logica.wlk","timeElapsed":493,"timestamp":"2026-09-05T00:41:10.876Z"}
{"level":"info","message":"⌛ Validating logica.wlk","timeElapsed":605,"timestamp":"2026-09-05T00:41:11.507Z"}
{"level":"info","message":"⌛ Validating logica.wlk","timeElapsed":480,"timestamp":"2026-09-05T00:41:12.018Z"}
{"level":"info","message":"⌛ Validating logica.wlk","timeElapsed":560,"timestamp":"2026-09-05T00:41:12.601Z"}
{"level":"info","message":"⌛ Validating logica.wlk","timeElapsed":494,"timestamp":"2026-09-05T00:41:13.107Z"}
{"level":"info","message":"⌛ Validating logica.wlk","timeElapsed":439,"timestamp":"2026-09-05T00:41:13.565Z"}
{"level":"info","message":"⌛ Building environment","timeElapsed":375,"timestamp":"2026-09-05T00:41:14.996Z"}
{"level":"info","message":"⌛ Validating logica.wlk","timeElapsed":1520,"timestamp":"2026-09-05T00:41:16.540Z"}
{"level":"info","message":"⌛ Building environment","timeElapsed":1726,"timestamp":"2026-09-05T00:42:58.409Z"}
{"level":"info","message":"⌛ Building environment","timeElapsed":1502,"timestamp":"2026-09-05T00:42:59.929Z"}
{"level":"info","message":"⌛ Building environment","timeElapsed":979,"timestamp":"2026-09-05T00:43:00.981Z"}
{"level":"info","message":"⌛ Autocomplete - Package","timeElapsed":291,"timestamp":"2026-09-05T00:43:01.275Z"}
{"level":"info","message":"⌛ Building environment","timeElapsed":474,"timestamp":"2026-09-05T00:43:01.789Z"}
{"level":"info","message":"⌛ Building environment","timeElapsed":1088,"timestamp":"2026-09-05T00:43:02.883Z"}
{"level":"info","message":"⌛ Building environment","timeElapsed":487,"timestamp":"2026-09-05T00:43:03.376Z"}
{"level":"info","message":"⌛ Building environment","timeElapsed":462,"timestamp":"2026-09-05T00:43:03.872Z"}
{"level":"info","message":"⌛ Building environment","timeElapsed":426,"timestamp":"2026-09-05T00:43:04.301Z"}
{"level":"info","message":"⌛ Building environment","timeElapsed":389,"timestamp":"2026-09-05T00:43:04.805Z"}
{"level":"info","message":"⌛ Building environment","timeElapsed":2006,"timestamp":"2026-09-05T00:43:06.814Z"}
{"level":"info","message":"⌛ Building environment","timeElapsed":545,"timestamp":"2026-09-05T00:43:07.370Z"}
{"level":"info","message":"⌛ Building environment","timeElapsed":276,"timestamp":"2026-09-05T00:43:07.770Z"}
{"level":"info","message":"⌛ Validating logica.wlk","timeElapsed":2224,"timestamp":"2026-09-05T00:43:09.996Z"}
{"level":"info","message":"⌛ Building environment","timeElapsed":508,"timestamp":"2026-09-05T00:43:10.510Z"}
{"level":"info","message":"⌛ Building environment","timeElapsed":447,"timestamp":"2026-09-05T00:43:10.961Z"}
{"level":"info","message":"⌛ Building environment","timeElapsed":476,"timestamp":"2026-09-05T00:43:11.439Z"}
{"level":"info","message":"⌛ Building environment","timeElapsed":310,"timestamp":"2026-09-05T00:43:11.765Z"}
{"level":"info","message":"⌛ Validating logica.wlk","timeElapsed":1822,"timestamp":"2026-09-05T00:43:13.772Z"}
{"level":"info","message":"⌛ Building environment","timeElapsed":347,"timestamp":"2026-09-05T00:43:14.170Z"}
{"level":"info","message":"⌛ Validating logica.wlk","timeElapsed":578,"timestamp":"2026-09-05T00:43:14.761Z"}
{"level":"info","message":"⌛ Building environment","timeElapsed":989,"timestamp":"2026-09-05T00:43:15.762Z"}
{"level":"info","message":"⌛ Building environment","timeElapsed":335,"timestamp":"2026-09-05T00:43:16.100Z"}
{"level":"info","message":"⌛ Building environment","timeElapsed":677,"timestamp":"2026-09-05T00:43:16.780Z"}
{"level":"info","message":"⌛ Building environment","timeElapsed":301,"timestamp":"2026-09-05T00:43:17.100Z"}
{"level":"info","message":"⌛ Validating logica.wlk","timeElapsed":2122,"timestamp":"2026-09-05T00:43:19.420Z"}
{"level":"info","message":"⌛ Building environment","timeElapsed":1988,"timestamp":"2026-09-05T00:43:21.411Z"}
{"level":"info","message":"⌛ Building environment","timeElapsed":613,"timestamp":"2026-09-05T00:43:22.027Z"}
{"level":"info","message":"⌛ Validating logica.wlk","timeElapsed":867,"timestamp":"2026-09-05T00:43:22.899Z"}
{"level":"info","message":"⌛ Validating logica.wlk","timeElapsed":886,"timestamp":"2026-09-05T00:43:23.825Z"}
{"level":"info","message":"⌛ Validating logica.wlk","timeElapsed":580,"timestamp":"2026-09-05T00:43:24.425Z"}
{"level":"info","message":"⌛ Validating logica.wlk","timeElapsed":910,"timestamp":"2026-09-05T00:43:25.362Z"}
{"level":"info","message":"⌛ Building environment","timeElapsed":289,"timestamp":"2026-09-05T00:43:25.675Z"}
{"level":"info","message":"⌛ Validating logica.wlk","timeElapsed":847,"timestamp":"2026-09-05T00:43:26.525Z"}
{"level":"info","message":"⌛ Building environment","timeElapsed":1396,"timestamp":"2026-09-05T00:43:27.927Z"}
{"level":"info","message":"⌛ Building environment","timeElapsed":1005,"timestamp":"2026-09-05T00:43:28.945Z"}
{"level":"info","message":"⌛ Building environment","timeElapsed":862,"timestamp":"2026-09-05T00:43:29.813Z"}
{"level":"info","message":"⌛ Building environment","timeElapsed":413,"timestamp":"2026-09-05T00:43:30.230Z"}
{"level":"info","message":"⌛ Autocomplete - Package","timeElapsed":207,"timestamp":"2026-09-05T00:43:30.727Z"}
{"level":"info","message":"⌛ Building environment","timeElapsed":321,"timestamp":"2026-09-05T00:43:31.054Z"}
{"level":"info","message":"⌛ Validating logica.wlk","timeElapsed":737,"timestamp":"2026-09-05T00:43:31.792Z"}
{"level":"info","message":"⌛ Validating logica.wlk","timeElapsed":610,"timestamp":"2026-09-05T00:43:32.413Z"}
{"level":"info","message":"⌛ Building environment","timeElapsed":551,"timestamp":"2026-09-05T00:43:33.038Z"}
{"level":"info","message":"⌛ Validating logica.wlk","timeElapsed":1066,"timestamp":"2026-09-05T00:43:34.112Z"}
{"level":"info","message":"⌛ Building environment","timeElapsed":308,"timestamp":"2026-09-05T00:43:34.444Z"}
{"level":"info","message":"⌛ Validating logica.wlk","timeElapsed":1255,"timestamp":"2026-09-05T00:43:35.719Z"}
{"level":"info","message":"⌛ Validating logica.wlk","timeElapsed":1998,"timestamp":"2026-09-05T00:43:37.723Z"}
{"level":"info","message":"⌛ Validating logica.wlk","timeElapsed":2140,"timestamp":"2026-09-05T00:43:39.878Z"}
{"level":"info","message":"⌛ Validating logica.wlk","timeElapsed":667,"timestamp":"2026-09-05T00:43:40.549Z"}
{"level":"info","message":"⌛ Validating logica.wlk","timeElapsed":810,"timestamp":"2026-09-05T00:43:41.360Z"}
{"level":"info","message":"⌛ Building environment","timeElapsed":491,"timestamp":"2026-09-05T00:43:41.854Z"}
{"level":"info","message":"⌛ Autocomplete - Singleton","timeElapsed":155,"timestamp":"2026-09-05T00:43:42.011Z"}
{"level":"info","message":"⌛ Building environment","timeElapsed":430,"timestamp":"2026-09-05T00:43:42.485Z"}
{"level":"info","message":"⌛ Building environment","timeElapsed":574,"timestamp":"2026-09-05T00:43:43.065Z"}
{"level":"info","message":"⌛ Validating logica.wlk","timeElapsed":718,"timestamp":"2026-09-05T00:43:43.786Z"}
{"level":"info","message":"⌛ Building environment","timeElapsed":435,"timestamp":"2026-09-05T00:43:44.224Z"}
{"level":"info","message":"⌛ Validating logica.wlk","timeElapsed":697,"timestamp":"2026-09-05T00:43:44.923Z"}
{"level":"info","message":"⌛ Building environment","timeElapsed":447,"timestamp":"2026-09-05T00:43:45.374Z"}
{"level":"info","message":"⌛ Building environment","timeElapsed":574,"timestamp":"2026-09-05T00:43:45.955Z"}
{"level":"info","message":"⌛ Building environment","timeElapsed":645,"timestamp":"2026-09-05T00:43:46.601Z"}
{"level":"info","message":"⌛ Building environment","timeElapsed":362,"timestamp":"2026-09-05T00:43:46.966Z"}
{"level":"info","message":"⌛ Building environment","timeElapsed":708,"timestamp":"2026-09-05T00:43:47.806Z"}
{"level":"info","message":"⌛ Building environment","timeElapsed":587,"timestamp":"2026-09-05T00:43:48.405Z"}
{"level":"info","message":"⌛ Building environment","timeElapsed":979,"timestamp":"2026-09-05T00:43:49.391Z"}
{"level":"info","message":"⌛ Validating logica.wlk","timeElapsed":830,"timestamp":"2026-09-05T00:43:50.488Z"}
{"level":"info","message":"⌛ Building environment","timeElapsed":741,"timestamp":"2026-09-05T00:43:51.283Z"}
{"level":"info","message":"⌛ Validating logica.wlk","timeElapsed":2576,"timestamp":"2026-09-05T00:43:53.866Z"}
{"level":"info","message":"⌛ Building environment","timeElapsed":1520,"timestamp":"2026-09-05T00:43:55.389Z"}
{"level":"info","message":"⌛ Building environment","timeElapsed":965,"timestamp":"2026-09-05T00:43:56.513Z"}
{"level":"info","message":"⌛ Building environment","timeElapsed":1859,"timestamp":"2026-09-05T00:43:58.395Z"}
{"level":"info","message":"⌛ Building environment","timeElapsed":1839,"timestamp":"2026-09-05T00:44:00.243Z"}
{"level":"info","message":"⌛ Building environment","timeElapsed":1652,"timestamp":"2026-09-05T00:44:02.243Z"}
{"level":"info","message":"⌛ Building environment","timeElapsed":1610,"timestamp":"2026-09-05T00:44:03.859Z"}
{"level":"info","message":"⌛ Building environment","timeElapsed":454,"timestamp":"2026-09-05T00:44:04.314Z"}
{"level":"info","message":"⌛ Building environment","timeElapsed":954,"timestamp":"2026-09-05T00:44:05.272Z"}
{"level":"info","message":"⌛ Building environment","timeElapsed":338,"timestamp":"2026-09-05T00:44:05.612Z"}
{"level":"info","message":"⌛ Validating logica.wlk","timeElapsed":1478,"timestamp":"2026-09-05T00:44:07.918Z"}
{"level":"info","message":"⌛ Validating logica.wlk","timeElapsed":2073,"timestamp":"2026-09-05T00:44:09.992Z"}
{"level":"info","message":"⌛ Building environment","timeElapsed":557,"timestamp":"2026-09-05T00:44:10.556Z"}
{"level":"info","message":"⌛ Building environment","timeElapsed":1292,"timestamp":"2026-09-05T00:44:11.870Z"}
{"level":"info","message":"⌛ Building environment","timeElapsed":410,"timestamp":"2026-09-05T00:44:12.285Z"}
{"level":"info","message":"⌛ Building environment","timeElapsed":585,"timestamp":"2026-09-05T00:44:12.878Z"}
{"level":"info","message":"⌛ Building environment","timeElapsed":477,"timestamp":"2026-09-05T00:44:13.362Z"}
{"level":"info","message":"⌛ Building environment","timeElapsed":920,"timestamp":"2026-09-05T00:44:14.672Z"}
{"level":"info","message":"⌛ Building environment","timeElapsed":903,"timestamp":"2026-09-05T00:44:15.581Z"}
{"level":"info","message":"⌛ Building environment","timeElapsed":580,"timestamp":"2026-09-05T00:44:16.167Z"}
{"level":"info","message":"⌛ Autocomplete - Singleton","timeElapsed":178,"timestamp":"2026-09-05T00:44:16.744Z"}
{"level":"info","message":"⌛ Building environment","timeElapsed":479,"timestamp":"2026-09-05T00:44:17.256Z"}
{"level":"info","message":"⌛ Building environment","timeElapsed":1383,"timestamp":"2026-09-05T00:44:18.641Z"}
{"level":"info","message":"⌛ Building environment","timeElapsed":280,"timestamp":"2026-09-05T00:44:18.923Z"}
{"level":"info","message":"⌛ Building environment","timeElapsed":518,"timestamp":"2026-09-05T00:44:19.552Z"}
{"level":"info","message":"⌛ Building environment","timeElapsed":2724,"timestamp":"2026-09-05T00:44:22.297Z"}
{"level":"info","message":"⌛ Building environment","timeElapsed":449,"timestamp":"2026-09-05T00:44:22.757Z"}
{"level":"info","message":"⌛ Building environment","timeElapsed":462,"timestamp":"2026-09-05T00:44:23.540Z"}
{"level":"info","message":"⌛ Validating logica.wlk","timeElapsed":2482,"timestamp":"2026-09-05T00:44:26.035Z"}
{"level":"info","message":"⌛ Validating logica.wlk","timeElapsed":1491,"timestamp":"2026-09-05T00:44:27.645Z"}
{"level":"info","message":"⌛ Validating logica.wlk","timeElapsed":2617,"timestamp":"2026-09-05T00:44:30.270Z"}
{"level":"info","message":"⌛ Validating logica.wlk","timeElapsed":3187,"timestamp":"2026-09-05T00:44:33.463Z"}
{"level":"info","message":"⌛ Validating logica.wlk","timeElapsed":2576,"timestamp":"2026-09-05T00:44:36.043Z"}
{"level":"info","message":"⌛ Validating logica.wlk","timeElapsed":957,"timestamp":"2026-09-05T00:44:37.009Z"}
{"level":"info","message":"⌛ Building environment","timeElapsed":627,"timestamp":"2026-09-05T00:44:37.654Z"}
{"level":"info","message":"⌛ Validating logica.wlk","timeElapsed":1073,"timestamp":"2026-09-05T00:44:38.728Z"}
{"level":"info","message":"⌛ Building environment","timeElapsed":325,"timestamp":"2026-09-05T00:44:39.054Z"}
{"level":"info","message":"⌛ Building environment","timeElapsed":494,"timestamp":"2026-09-05T00:44:39.564Z"}
{"level":"info","message":"⌛ Validating logica.wlk","timeElapsed":1697,"timestamp":"2026-09-05T00:44:41.375Z"}
{"level":"info","message":"⌛ Building environment","timeElapsed":3113,"timestamp":"2026-09-05T00:44:44.540Z"}
{"level":"info","message":"⌛ Autocomplete - Singleton","timeElapsed":903,"timestamp":"2026-09-05T00:44:45.446Z"}
{"level":"info","message":"⌛ Building environment","timeElapsed":699,"timestamp":"2026-09-05T00:44:46.215Z"}
{"level":"info","message":"⌛ Building environment","timeElapsed":366,"timestamp":"2026-09-05T00:44:46.584Z"}
{"level":"info","message":"⌛ Building environment","timeElapsed":435,"timestamp":"2026-09-05T00:44:47.210Z"}
{"level":"error","message":"✘ Failed to rebuild document Failed to parse logica.wlk: \n-- PARSING FAILED --------------------------------------------------\n\n  5 | \n  6 |     method\n> 7 | }\n    | ^\n\nExpected one of the following: \n\n'!=', '!==', '%', '&&', '*', '**', '+', '-', '->', '..', '..<', '/', '<', '<<', '<<<', '<=', '<=>', '<>', '==', '===', '>', '>..', '>=', '>>', '>>>', '?:', '@', 'and', 'class', 'const', 'describe', 'invert', 'mixin', 'negate', 'object', 'only', 'or', 'package', 'plus', 'program', 'test', 'var', '{', '||', EOF, comment, identifier, not \"}\", whitespace\n","stack":"Error: Failed to parse logica.wlk: \n-- PARSING FAILED --------------------------------------------------\n\n  5 | \n  6 |     method\n> 7 | }\n    | ^\n\nExpected one of the following: \n\n'!=', '!==', '%', '&&', '*', '**', '+', '-', '->', '..', '..<', '/', '<', '<<', '<<<', '<=', '<=>', '<>', '==', '===', '>', '>..', '>=', '>>', '>>>', '?:', '@', 'and', 'class', 'const', 'describe', 'invert', 'mixin', 'negate', 'object', 'only', 'or', 'package', 'plus', 'program', 'test', 'var', '{', '||', EOF, comment, identifier, not \"}\", whitespace\n\n    at /home/victoria/.vscode/extensions/uqbar.wollok-lsp-ide-0.5.5/out/server/src/server.js:2385:13026\n    at Array.map (<anonymous>)\n    at z1n (/home/victoria/.vscode/extensions/uqbar.wollok-lsp-ide-0.5.5/out/server/src/server.js:2385:12950)\n    at H2.buildEnvironmentFrom (/home/victoria/.vscode/extensions/uqbar.wollok-lsp-ide-0.5.5/out/server/src/server.js:2430:5254)\n    at H2.updateEnvironmentWith (/home/victoria/.vscode/extensions/uqbar.wollok-lsp-ide-0.5.5/out/server/src/server.js:2430:4989)\n    at QF (/home/victoria/.vscode/extensions/uqbar.wollok-lsp-ide-0.5.5/out/server/src/server.js:2430:7383)\n    at V3.invoke (/home/victoria/.vscode/extensions/uqbar.wollok-lsp-ide-0.5.5/out/server/src/server.js:3:157330)\n    at o.fire (/home/victoria/.vscode/extensions/uqbar.wollok-lsp-ide-0.5.5/out/server/src/server.js:3:158100)\n    at /home/victoria/.vscode/extensions/uqbar.wollok-lsp-ide-0.5.5/out/server/src/server.js:37:57871\n    at nd (/home/victoria/.vscode/extensions/uqbar.wollok-lsp-ide-0.5.5/out/server/src/server.js:8:1561)","timestamp":"2026-09-05T00:44:47.225Z"}
{"level":"info","message":"⌛ Validating logica.wlk","timeElapsed":1504,"timestamp":"2026-09-05T00:44:48.874Z"}
{"level":"info","message":"⌛ Validating logica.wlk","timeElapsed":1163,"timestamp":"2026-09-05T00:44:50.038Z"}
{"level":"info","message":"⌛ Validating logica.wlk","timeElapsed":748,"timestamp":"2026-09-05T00:44:50.788Z"}
{"level":"info","message":"⌛ Validating logica.wlk","timeElapsed":969,"timestamp":"2026-09-05T00:44:51.849Z"}
{"level":"info","message":"⌛ Validating logica.wlk","timeElapsed":2113,"timestamp":"2026-09-05T00:44:53.990Z"}
{"level":"info","message":"⌛ Validating logica.wlk","timeElapsed":1853,"timestamp":"2026-09-05T00:44:55.973Z"}
{"level":"info","message":"⌛ Validating logica.wlk","timeElapsed":579,"timestamp":"2026-09-05T00:44:56.583Z"}
{"level":"info","message":"⌛ Validating logica.wlk","timeElapsed":691,"timestamp":"2026-09-05T00:44:57.302Z"}
{"level":"info","message":"⌛ Validating logica.wlk","timeElapsed":1657,"timestamp":"2026-09-05T00:44:58.987Z"}
{"level":"info","message":"⌛ Validating logica.wlk","timeElapsed":1975,"timestamp":"2026-09-05T00:45:00.978Z"}
{"level":"info","message":"⌛ Validating logica.wlk","timeElapsed":417,"timestamp":"2026-09-05T00:45:01.397Z"}
{"level":"info","message":"⌛ Validating logica.wlk","timeElapsed":641,"timestamp":"2026-09-05T00:45:02.038Z"}
{"level":"info","message":"⌛ Validating logica.wlk","timeElapsed":618,"timestamp":"2026-09-05T00:45:02.664Z"}
{"level":"info","message":"⌛ Validating logica.wlk","timeElapsed":1178,"timestamp":"2026-09-05T00:45:03.846Z"}
{"level":"info","message":"⌛ Validating logica.wlk","timeElapsed":989,"timestamp":"2026-09-05T00:45:04.837Z"}
{"level":"error","message":"✘ Failed to rebuild document Failed to parse logica.wlk: \n-- PARSING FAILED --------------------------------------------------\n\n  5 | \n  6 |     method \n> 7 | }\n    | ^\n\nExpected one of the following: \n\n'!=', '!==', '%', '&&', '*', '**', '+', '-', '->', '..', '..<', '/', '<', '<<', '<<<', '<=', '<=>', '<>', '==', '===', '>', '>..', '>=', '>>', '>>>', '?:', '@', 'and', 'class', 'const', 'describe', 'invert', 'mixin', 'negate', 'object', 'only', 'or', 'package', 'plus', 'program', 'test', 'var', '{', '||', EOF, comment, identifier, not \"}\", whitespace\n","stack":"Error: Failed to parse logica.wlk: \n-- PARSING FAILED --------------------------------------------------\n\n  5 | \n  6 |     method \n> 7 | }\n    | ^\n\nExpected one of the following: \n\n'!=', '!==', '%', '&&', '*', '**', '+', '-', '->', '..', '..<', '/', '<', '<<', '<<<', '<=', '<=>', '<>', '==', '===', '>', '>..', '>=', '>>', '>>>', '?:', '@', 'and', 'class', 'const', 'describe', 'invert', 'mixin', 'negate', 'object', 'only', 'or', 'package', 'plus', 'program', 'test', 'var', '{', '||', EOF, comment, identifier, not \"}\", whitespace\n\n    at /home/victoria/.vscode/extensions/uqbar.wollok-lsp-ide-0.5.5/out/server/src/server.js:2385:13026\n    at Array.map (<anonymous>)\n    at z1n (/home/victoria/.vscode/extensions/uqbar.wollok-lsp-ide-0.5.5/out/server/src/server.js:2385:12950)\n    at H2.buildEnvironmentFrom (/home/victoria/.vscode/extensions/uqbar.wollok-lsp-ide-0.5.5/out/server/src/server.js:2430:5254)\n    at H2.updateEnvironmentWith (/home/victoria/.vscode/extensions/uqbar.wollok-lsp-ide-0.5.5/out/server/src/server.js:2430:4989)\n    at QF (/home/victoria/.vscode/extensions/uqbar.wollok-lsp-ide-0.5.5/out/server/src/server.js:2430:7383)\n    at V3.invoke (/home/victoria/.vscode/extensions/uqbar.wollok-lsp-ide-0.5.5/out/server/src/server.js:3:157330)\n    at o.fire (/home/victoria/.vscode/extensions/uqbar.wollok-lsp-ide-0.5.5/out/server/src/server.js:3:158100)\n    at /home/victoria/.vscode/extensions/uqbar.wollok-lsp-ide-0.5.5/out/server/src/server.js:37:57871\n    at nd (/home/victoria/.vscode/extensions/uqbar.wollok-lsp-ide-0.5.5/out/server/src/server.js:8:1561)","timestamp":"2026-09-05T00:45:06.356Z"}
{"level":"info","message":"⌛ Building environment","timeElapsed":1395,"timestamp":"2026-09-05T00:45:07.754Z"}
{"level":"info","message":"⌛ Validating logica.wlk","timeElapsed":822,"timestamp":"2026-09-05T00:45:08.579Z"}
{"level":"info","message":"⌛ Building environment","timeElapsed":846,"timestamp":"2026-09-05T00:45:09.427Z"}
{"level":"info","message":"⌛ Building environment","timeElapsed":312,"timestamp":"2026-09-05T00:45:09.741Z"}
{"level":"info","message":"⌛ Building environment","timeElapsed":299,"timestamp":"2026-09-05T00:45:10.109Z"}
{"level":"info","message":"⌛ Building environment","timeElapsed":607,"timestamp":"2026-09-05T00:45:10.728Z"}
{"level":"info","message":"⌛ Autocomplete - Method","timeElapsed":169,"timestamp":"2026-09-05T00:45:10.938Z"}
{"level":"info","message":"⌛ Validating logica.wlk","timeElapsed":720,"timestamp":"2026-09-05T00:45:11.672Z"}
{"level":"info","message":"⌛ Building environment","timeElapsed":963,"timestamp":"2026-09-05T00:45:12.639Z"}
{"level":"info","message":"⌛ Building environment","timeElapsed":463,"timestamp":"2026-09-05T00:45:13.372Z"}
{"level":"info","message":"⌛ Validating logica.wlk","timeElapsed":1274,"timestamp":"2026-09-05T00:45:14.648Z"}
{"level":"info","message":"⌛ Building environment","timeElapsed":1025,"timestamp":"2026-09-05T00:45:15.677Z"}
{"level":"info","message":"⌛ Validating logica.wlk","timeElapsed":855,"timestamp":"2026-09-05T00:45:16.535Z"}
{"level":"info","message":"⌛ Building environment","timeElapsed":515,"timestamp":"2026-09-05T00:45:17.070Z"}
{"level":"info","message":"⌛ Building environment","timeElapsed":426,"timestamp":"2026-09-05T00:45:17.500Z"}
{"level":"info","message":"⌛ Building environment","timeElapsed":413,"timestamp":"2026-09-05T00:45:17.931Z"}
{"level":"info","message":"⌛ Validating logica.wlk","timeElapsed":959,"timestamp":"2026-09-05T00:45:19.494Z"}
{"level":"info","message":"⌛ Building environment","timeElapsed":807,"timestamp":"2026-09-05T00:45:20.305Z"}
{"level":"info","message":"⌛ Validating logica.wlk","timeElapsed":796,"timestamp":"2026-09-05T00:45:21.110Z"}
{"level":"info","message":"⌛ Building environment","timeElapsed":685,"timestamp":"2026-09-05T00:45:21.800Z"}
{"level":"info","message":"⌛ Building environment","timeElapsed":477,"timestamp":"2026-09-05T00:45:22.286Z"}
{"level":"info","message":"⌛ Building environment","timeElapsed":453,"timestamp":"2026-09-05T00:45:22.741Z"}
{"level":"info","message":"⌛ Autocomplete - Method","timeElapsed":119,"timestamp":"2026-09-05T00:45:22.893Z"}
{"level":"info","message":"⌛ Building environment","timeElapsed":279,"timestamp":"2026-09-05T00:45:23.177Z"}
{"level":"info","message":"⌛ Building environment","timeElapsed":360,"timestamp":"2026-09-05T00:45:23.759Z"}
{"level":"info","message":"⌛ Building environment","timeElapsed":397,"timestamp":"2026-09-05T00:45:24.172Z"}
{"level":"info","message":"⌛ Validating logica.wlk","timeElapsed":791,"timestamp":"2026-09-05T00:45:25.005Z"}
{"level":"info","message":"⌛ Validating logica.wlk","timeElapsed":645,"timestamp":"2026-09-05T00:45:25.656Z"}
{"level":"info","message":"⌛ Validating logica.wlk","timeElapsed":439,"timestamp":"2026-09-05T00:45:26.095Z"}
{"level":"info","message":"⌛ Validating logica.wlk","timeElapsed":507,"timestamp":"2026-09-05T00:45:26.603Z"}
{"level":"info","message":"⌛ Validating logica.wlk","timeElapsed":692,"timestamp":"2026-09-05T00:45:27.335Z"}
{"level":"info","message":"⌛ Validating logica.wlk","timeElapsed":1576,"timestamp":"2026-09-05T00:45:28.936Z"}
{"level":"info","message":"⌛ Building environment","timeElapsed":437,"timestamp":"2026-09-05T00:45:29.392Z"}
{"level":"info","message":"⌛ Building environment","timeElapsed":506,"timestamp":"2026-09-05T00:45:29.918Z"}
{"level":"info","message":"⌛ Validating logica.wlk","timeElapsed":826,"timestamp":"2026-09-05T00:45:30.746Z"}
{"level":"info","message":"⌛ Building environment","timeElapsed":404,"timestamp":"2026-09-05T00:45:31.150Z"}
{"level":"info","message":"⌛ Building environment","timeElapsed":337,"timestamp":"2026-09-05T00:45:31.489Z"}
{"level":"info","message":"⌛ Validating logica.wlk","timeElapsed":422,"timestamp":"2026-09-05T00:45:31.913Z"}
{"level":"info","message":"⌛ Building environment","timeElapsed":321,"timestamp":"2026-09-05T00:45:32.236Z"}
{"level":"info","message":"⌛ Building environment","timeElapsed":377,"timestamp":"2026-09-05T00:45:32.617Z"}
{"level":"info","message":"⌛ Building environment","timeElapsed":349,"timestamp":"2026-09-05T00:45:32.968Z"}
{"level":"error","message":"✘ Failed to rebuild document Failed to parse logica.wlk: \n-- PARSING FAILED --------------------------------------------------\n\n  7 | \n  8 |     method\n> 9 | }\n    | ^\n\nExpected one of the following: \n\n'!=', '!==', '%', '&&', '*', '**', '+', '-', '->', '..', '..<', '/', '<', '<<', '<<<', '<=', '<=>', '<>', '==', '===', '>', '>..', '>=', '>>', '>>>', '?:', '@', 'and', 'class', 'const', 'describe', 'invert', 'mixin', 'negate', 'object', 'only', 'or', 'package', 'plus', 'program', 'test', 'var', '{', '||', EOF, comment, identifier, not \"}\", whitespace\n","stack":"Error: Failed to parse logica.wlk: \n-- PARSING FAILED --------------------------------------------------\n\n  7 | \n  8 |     method\n> 9 | }\n    | ^\n\nExpected one of the following: \n\n'!=', '!==', '%', '&&', '*', '**', '+', '-', '->', '..', '..<', '/', '<', '<<', '<<<', '<=', '<=>', '<>', '==', '===', '>', '>..', '>=', '>>', '>>>', '?:', '@', 'and', 'class', 'const', 'describe', 'invert', 'mixin', 'negate', 'object', 'only', 'or', 'package', 'plus', 'program', 'test', 'var', '{', '||', EOF, comment, identifier, not \"}\", whitespace\n\n    at /home/victoria/.vscode/extensions/uqbar.wollok-lsp-ide-0.5.5/out/server/src/server.js:2385:13026\n    at Array.map (<anonymous>)\n    at z1n (/home/victoria/.vscode/extensions/uqbar.wollok-lsp-ide-0.5.5/out/server/src/server.js:2385:12950)\n    at H2.buildEnvironmentFrom (/home/victoria/.vscode/extensions/uqbar.wollok-lsp-ide-0.5.5/out/server/src/server.js:2430:5254)\n    at H2.updateEnvironmentWith (/home/victoria/.vscode/extensions/uqbar.wollok-lsp-ide-0.5.5/out/server/src/server.js:2430:4989)\n    at QF (/home/victoria/.vscode/extensions/uqbar.wollok-lsp-ide-0.5.5/out/server/src/server.js:2430:7383)\n    at V3.invoke (/home/victoria/.vscode/extensions/uqbar.wollok-lsp-ide-0.5.5/out/server/src/server.js:3:157330)\n    at o.fire (/home/victoria/.vscode/extensions/uqbar.wollok-lsp-ide-0.5.5/out/server/src/server.js:3:158100)\n    at /home/victoria/.vscode/extensions/uqbar.wollok-lsp-ide-0.5.5/out/server/src/server.js:37:57871\n    at nd (/home/victoria/.vscode/extensions/uqbar.wollok-lsp-ide-0.5.5/out/server/src/server.js:8:1561)","timestamp":"2026-09-05T00:45:33.083Z"}
{"level":"error","message":"✘ Failed to rebuild document Failed to parse logica.wlk: \n-- PARSING FAILED --------------------------------------------------\n\n  7 | \n  8 |     method \n> 9 | }\n    | ^\n\nExpected one of the following: \n\n'!=', '!==', '%', '&&', '*', '**', '+', '-', '->', '..', '..<', '/', '<', '<<', '<<<', '<=', '<=>', '<>', '==', '===', '>', '>..', '>=', '>>', '>>>', '?:', '@', 'and', 'class', 'const', 'describe', 'invert', 'mixin', 'negate', 'object', 'only', 'or', 'package', 'plus', 'program', 'test', 'var', '{', '||', EOF, comment, identifier, not \"}\", whitespace\n","stack":"Error: Failed to parse logica.wlk: \n-- PARSING FAILED --------------------------------------------------\n\n  7 | \n  8 |     method \n> 9 | }\n    | ^\n\nExpected one of the following: \n\n'!=', '!==', '%', '&&', '*', '**', '+', '-', '->', '..', '..<', '/', '<', '<<', '<<<', '<=', '<=>', '<>', '==', '===', '>', '>..', '>=', '>>', '>>>', '?:', '@', 'and', 'class', 'const', 'describe', 'invert', 'mixin', 'negate', 'object', 'only', 'or', 'package', 'plus', 'program', 'test', 'var', '{', '||', EOF, comment, identifier, not \"}\", whitespace\n\n    at /home/victoria/.vscode/extensions/uqbar.wollok-lsp-ide-0.5.5/out/server/src/server.js:2385:13026\n    at Array.map (<anonymous>)\n    at z1n (/home/victoria/.vscode/extensions/uqbar.wollok-lsp-ide-0.5.5/out/server/src/server.js:2385:12950)\n    at H2.buildEnvironmentFrom (/home/victoria/.vscode/extensions/uqbar.wollok-lsp-ide-0.5.5/out/server/src/server.js:2430:5254)\n    at H2.updateEnvironmentWith (/home/victoria/.vscode/extensions/uqbar.wollok-lsp-ide-0.5.5/out/server/src/server.js:2430:4989)\n    at QF (/home/victoria/.vscode/extensions/uqbar.wollok-lsp-ide-0.5.5/out/server/src/server.js:2430:7383)\n    at V3.invoke (/home/victoria/.vscode/extensions/uqbar.wollok-lsp-ide-0.5.5/out/server/src/server.js:3:157330)\n    at o.fire (/home/victoria/.vscode/extensions/uqbar.wollok-lsp-ide-0.5.5/out/server/src/server.js:3:158100)\n    at /home/victoria/.vscode/extensions/uqbar.wollok-lsp-ide-0.5.5/out/server/src/server.js:37:57871\n    at nd (/home/victoria/.vscode/extensions/uqbar.wollok-lsp-ide-0.5.5/out/server/src/server.js:8:1561)","timestamp":"2026-09-05T00:45:33.114Z"}
{"level":"info","message":"⌛ Building environment","timeElapsed":329,"timestamp":"2026-09-05T00:45:33.450Z"}
{"level":"info","message":"⌛ Validating logica.wlk","timeElapsed":585,"timestamp":"2026-09-05T00:45:34.194Z"}
{"level":"info","message":"⌛ Building environment","timeElapsed":248,"timestamp":"2026-09-05T00:45:34.456Z"}
{"level":"info","message":"⌛ Building environment","timeElapsed":473,"timestamp":"2026-09-05T00:45:34.931Z"}
{"level":"info","message":"⌛ Building environment","timeElapsed":478,"timestamp":"2026-09-05T00:45:35.416Z"}
{"level":"info","message":"⌛ Building environment","timeElapsed":725,"timestamp":"2026-09-05T00:45:36.144Z"}
{"level":"info","message":"⌛ Building environment","timeElapsed":487,"timestamp":"2026-09-05T00:45:36.639Z"}
{"level":"info","message":"⌛ Building environment","timeElapsed":411,"timestamp":"2026-09-05T00:45:37.319Z"}
{"level":"info","message":"⌛ Building environment","timeElapsed":2147,"timestamp":"2026-09-05T00:45:39.469Z"}
{"level":"info","message":"⌛ Validating logica.wlk","timeElapsed":1782,"timestamp":"2026-09-05T00:45:41.263Z"}
{"level":"info","message":"⌛ Validating logica.wlk","timeElapsed":458,"timestamp":"2026-09-05T00:45:41.722Z"}
{"level":"info","message":"⌛ Validating logica.wlk","timeElapsed":425,"timestamp":"2026-09-05T00:45:42.148Z"}
{"level":"info","message":"⌛ Validating logica.wlk","timeElapsed":798,"timestamp":"2026-09-05T00:45:42.963Z"}
{"level":"info","message":"⌛ Validating logica.wlk","timeElapsed":654,"timestamp":"2026-09-05T00:45:43.643Z"}
{"level":"info","message":"⌛ Validating logica.wlk","timeElapsed":530,"timestamp":"2026-09-05T00:45:44.210Z"}
{"level":"info","message":"⌛ Building environment","timeElapsed":447,"timestamp":"2026-09-05T00:45:44.677Z"}
{"level":"info","message":"⌛ Building environment","timeElapsed":390,"timestamp":"2026-09-05T00:45:45.097Z"}
{"level":"info","message":"⌛ Building environment","timeElapsed":2216,"timestamp":"2026-09-05T00:45:47.333Z"}
{"level":"info","message":"⌛ Building environment","timeElapsed":354,"timestamp":"2026-09-05T00:45:47.826Z"}
{"level":"info","message":"⌛ Building environment","timeElapsed":413,"timestamp":"2026-09-05T00:45:48.271Z"}
{"level":"info","message":"⌛ Building environment","timeElapsed":351,"timestamp":"2026-09-05T00:45:48.638Z"}
{"level":"info","message":"⌛ Building environment","timeElapsed":297,"timestamp":"2026-09-05T00:45:49.130Z"}
{"level":"info","message":"⌛ Validating logica.wlk","timeElapsed":433,"timestamp":"2026-09-05T00:45:49.576Z"}
{"level":"info","message":"⌛ Building environment","timeElapsed":315,"timestamp":"2026-09-05T00:45:49.891Z"}
{"level":"info","message":"⌛ Building environment","timeElapsed":283,"timestamp":"2026-09-05T00:45:50.192Z"}
{"level":"info","message":"⌛ Validating logica.wlk","timeElapsed":486,"timestamp":"2026-09-05T00:45:50.753Z"}
{"level":"info","message":"⌛ Validating logica.wlk","timeElapsed":365,"timestamp":"2026-09-05T00:45:51.139Z"}
{"level":"info","message":"⌛ Building environment","timeElapsed":339,"timestamp":"2026-09-05T00:45:51.492Z"}
{"level":"info","message":"⌛ Building environment","timeElapsed":429,"timestamp":"2026-09-05T00:45:51.924Z"}
{"level":"info","message":"⌛ Building environment","timeElapsed":360,"timestamp":"2026-09-05T00:45:52.286Z"}
{"level":"info","message":"⌛ Building environment","timeElapsed":704,"timestamp":"2026-09-05T00:45:52.992Z"}
{"level":"info","message":"⌛ Building environment","timeElapsed":342,"timestamp":"2026-09-05T00:45:53.340Z"}
{"level":"info","message":"⌛ Autocomplete - Body","timeElapsed":159,"timestamp":"2026-09-05T00:45:53.640Z"}
{"level":"info","message":"⌛ Building environment","timeElapsed":260,"timestamp":"2026-09-05T00:45:53.902Z"}
{"level":"info","message":"⌛ Building environment","timeElapsed":713,"timestamp":"2026-09-05T00:45:54.617Z"}
{"level":"info","message":"⌛ Building environment","timeElapsed":558,"timestamp":"2026-09-05T00:45:55.179Z"}
{"level":"info","message":"⌛ Validating logica.wlk","timeElapsed":656,"timestamp":"2026-09-05T00:45:56.150Z"}
{"level":"info","message":"⌛ Building environment","timeElapsed":487,"timestamp":"2026-09-05T00:45:56.642Z"}
{"level":"info","message":"⌛ Building environment","timeElapsed":540,"timestamp":"2026-09-05T00:45:57.245Z"}
{"level":"info","message":"⌛ Building environment","timeElapsed":338,"timestamp":"2026-09-05T00:45:57.599Z"}
{"level":"info","message":"⌛ Building environment","timeElapsed":465,"timestamp":"2026-09-05T00:45:58.236Z"}
{"level":"info","message":"⌛ Building environment","timeElapsed":566,"timestamp":"2026-09-05T00:45:58.806Z"}
{"level":"info","message":"⌛ Building environment","timeElapsed":299,"timestamp":"2026-09-05T00:45:59.109Z"}
{"level":"info","message":"⌛ Building environment","timeElapsed":331,"timestamp":"2026-09-05T00:45:59.573Z"}
{"level":"info","message":"⌛ Building environment","timeElapsed":607,"timestamp":"2026-09-05T00:46:00.213Z"}
{"level":"info","message":"⌛ Building environment","timeElapsed":284,"timestamp":"2026-09-05T00:46:00.499Z"}
{"level":"info","message":"⌛ Building environment","timeElapsed":252,"timestamp":"2026-09-05T00:46:00.857Z"}
{"level":"info","message":"⌛ Building environment","timeElapsed":458,"timestamp":"2026-09-05T00:46:01.316Z"}
{"level":"info","message":"⌛ Building environment","timeElapsed":268,"timestamp":"2026-09-05T00:46:01.586Z"}
{"level":"info","message":"⌛ Building environment","timeElapsed":297,"timestamp":"2026-09-05T00:46:01.999Z"}
{"level":"info","message":"⌛ Building environment","timeElapsed":389,"timestamp":"2026-09-05T00:46:02.391Z"}
{"level":"info","message":"⌛ Validating logica.wlk","timeElapsed":524,"timestamp":"2026-09-05T00:46:02.917Z"}
{"level":"info","message":"⌛ Validating logica.wlk","timeElapsed":425,"timestamp":"2026-09-05T00:46:03.343Z"}
{"level":"info","message":"⌛ Validating logica.wlk","timeElapsed":454,"timestamp":"2026-09-05T00:46:03.797Z"}
{"level":"info","message":"⌛ Building environment","timeElapsed":279,"timestamp":"2026-09-05T00:46:04.077Z"}
{"level":"info","message":"⌛ Building environment","timeElapsed":628,"timestamp":"2026-09-05T00:46:04.708Z"}
{"level":"info","message":"⌛ Building environment","timeElapsed":385,"timestamp":"2026-09-05T00:46:05.100Z"}
{"level":"info","message":"⌛ Building environment","timeElapsed":330,"timestamp":"2026-09-05T00:46:05.551Z"}
{"level":"info","message":"⌛ Building environment","timeElapsed":424,"timestamp":"2026-09-05T00:46:05.978Z"}
{"level":"info","message":"⌛ Building environment","timeElapsed":636,"timestamp":"2026-09-05T00:46:06.617Z"}
{"level":"info","message":"⌛ Building environment","timeElapsed":348,"timestamp":"2026-09-05T00:46:07.170Z"}
{"level":"info","message":"⌛ Building environment","timeElapsed":380,"timestamp":"2026-09-05T00:46:07.553Z"}
{"level":"info","message":"⌛ Building environment","timeElapsed":356,"timestamp":"2026-09-05T00:46:07.925Z"}
{"level":"info","message":"⌛ Building environment","timeElapsed":561,"timestamp":"2026-09-05T00:46:08.705Z"}
{"level":"info","message":"⌛ Building environment","timeElapsed":627,"timestamp":"2026-09-05T00:46:09.338Z"}
{"level":"info","message":"⌛ Building environment","timeElapsed":2239,"timestamp":"2026-09-05T00:46:11.600Z"}
{"level":"info","message":"⌛ Building environment","timeElapsed":3411,"timestamp":"2026-09-05T00:46:15.013Z"}
{"level":"info","message":"⌛ Building environment","timeElapsed":414,"timestamp":"2026-09-05T00:46:15.433Z"}
{"level":"info","message":"⌛ Building environment","timeElapsed":563,"timestamp":"2026-09-05T00:46:16.007Z"}
{"level":"info","message":"⌛ Building environment","timeElapsed":624,"timestamp":"2026-09-05T00:46:16.894Z"}
{"level":"info","message":"⌛ Building environment","timeElapsed":914,"timestamp":"2026-09-05T00:46:17.811Z"}
{"level":"info","message":"⌛ Building environment","timeElapsed":826,"timestamp":"2026-09-05T00:46:18.638Z"}
{"level":"info","message":"⌛ Validating logica.wlk","timeElapsed":563,"timestamp":"2026-09-05T00:46:19.372Z"}
{"level":"info","message":"⌛ Validating logica.wlk","timeElapsed":731,"timestamp":"2026-09-05T00:46:20.108Z"}
{"level":"info","message":"⌛ Validating logica.wlk","timeElapsed":705,"timestamp":"2026-09-05T00:46:20.813Z"}
{"level":"info","message":"⌛ Validating logica.wlk","timeElapsed":558,"timestamp":"2026-09-05T00:46:21.372Z"}
{"level":"info","message":"⌛ Validating logica.wlk","timeElapsed":445,"timestamp":"2026-09-05T00:46:21.845Z"}
{"level":"info","message":"⌛ Validating logica.wlk","timeElapsed":542,"timestamp":"2026-09-05T00:46:22.406Z"}
{"level":"info","message":"⌛ Validating logica.wlk","timeElapsed":577,"timestamp":"2026-09-05T00:46:23.008Z"}
{"level":"info","message":"⌛ Validating logica.wlk","timeElapsed":552,"timestamp":"2026-09-05T00:46:23.579Z"}
{"level":"info","message":"⌛ Validating logica.wlk","timeElapsed":484,"timestamp":"2026-09-05T00:46:24.086Z"}
{"level":"info","message":"⌛ Validating logica.wlk","timeElapsed":572,"timestamp":"2026-09-05T00:46:24.687Z"}
{"level":"info","message":"⌛ Validating logica.wlk","timeElapsed":535,"timestamp":"2026-09-05T00:46:25.241Z"}
{"level":"info","message":"⌛ Validating logica.wlk","timeElapsed":569,"timestamp":"2026-09-05T00:46:25.824Z"}
{"level":"info","message":"⌛ Validating logica.wlk","timeElapsed":551,"timestamp":"2026-09-05T00:46:26.399Z"}
{"level":"info","message":"⌛ Validating logica.wlk","timeElapsed":578,"timestamp":"2026-09-05T00:46:26.996Z"}
{"level":"info","message":"⌛ Validating logica.wlk","timeElapsed":1211,"timestamp":"2026-09-05T00:46:28.233Z"}
{"level":"info","message":"⌛ Validating logica.wlk","timeElapsed":518,"timestamp":"2026-09-05T00:46:28.770Z"}
{"level":"info","message":"⌛ Validating logica.wlk","timeElapsed":619,"timestamp":"2026-09-05T00:46:29.404Z"}
{"level":"info","message":"⌛ Validating logica.wlk","timeElapsed":551,"timestamp":"2026-09-05T00:46:29.969Z"}
{"level":"info","message":"⌛ Validating logica.wlk","timeElapsed":413,"timestamp":"2026-09-05T00:46:30.434Z"}
{"level":"info","message":"⌛ Validating logica.wlk","timeElapsed":463,"timestamp":"2026-09-05T00:46:30.910Z"}
{"level":"info","message":"⌛ Validating logica.wlk","timeElapsed":374,"timestamp":"2026-09-05T00:46:31.298Z"}
{"level":"info","message":"⌛ Validating logica.wlk","timeElapsed":453,"timestamp":"2026-09-05T00:46:31.765Z"}
{"level":"info","message":"⌛ Validating logica.wlk","timeElapsed":373,"timestamp":"2026-09-05T00:46:32.155Z"}
{"level":"info","message":"⌛ Validating logica.wlk","timeElapsed":506,"timestamp":"2026-09-05T00:46:32.677Z"}
{"level":"info","message":"⌛ Validating logica.wlk","timeElapsed":511,"timestamp":"2026-09-05T00:46:33.210Z"}
{"level":"info","message":"⌛ Validating logica.wlk","timeElapsed":755,"timestamp":"2026-09-05T00:46:33.977Z"}
{"level":"info","message":"⌛ Validating logica.wlk","timeElapsed":705,"timestamp":"2026-09-05T00:46:34.698Z"}
{"level":"info","message":"⌛ Validating logica.wlk","timeElapsed":1293,"timestamp":"2026-09-05T00:46:36.064Z"}
{"level":"info","message":"⌛ Validating logica.wlk","timeElapsed":1659,"timestamp":"2026-09-05T00:46:37.763Z"}
{"level":"info","message":"⌛ Validating logica.wlk","timeElapsed":1052,"timestamp":"2026-09-05T00:46:38.836Z"}
{"level":"info","message":"⌛ Validating logica.wlk","timeElapsed":421,"timestamp":"2026-09-05T00:46:39.274Z"}
{"level":"info","message":"⌛ Validating logica.wlk","timeElapsed":405,"timestamp":"2026-09-05T00:46:39.691Z"}
{"level":"info","message":"⌛ Validating logica.wlk","timeElapsed":515,"timestamp":"2026-09-05T00:46:40.215Z"}
{"level":"info","message":"⌛ Validating logica.wlk","timeElapsed":974,"timestamp":"2026-09-05T00:46:41.220Z"}
{"level":"info","message":"⌛ Validating logica.wlk","timeElapsed":666,"timestamp":"2026-09-05T00:46:41.926Z"}
{"level":"info","message":"⌛ Validating logica.wlk","timeElapsed":413,"timestamp":"2026-09-05T00:46:42.350Z"}
{"level":"info","message":"⌛ Validating logica.wlk","timeElapsed":368,"timestamp":"2026-09-05T00:46:42.732Z"}
{"level":"info","message":"⌛ Validating logica.wlk","timeElapsed":379,"timestamp":"2026-09-05T00:46:43.121Z"}
{"level":"info","message":"⌛ Validating logica.wlk","timeElapsed":373,"timestamp":"2026-09-05T00:46:43.506Z"}
{"level":"info","message":"⌛ Validating logica.wlk","timeElapsed":366,"timestamp":"2026-09-05T00:46:43.885Z"}
{"level":"info","message":"⌛ Validating logica.wlk","timeElapsed":380,"timestamp":"2026-09-05T00:46:44.279Z"}
{"level":"info","message":"⌛ Validating logica.wlk","timeElapsed":390,"timestamp":"2026-09-05T00:46:44.684Z"}
{"level":"info","message":"⌛ Validating logica.wlk","timeElapsed":359,"timestamp":"2026-09-05T00:46:45.058Z"}
{"level":"info","message":"⌛ Validating logica.wlk","timeElapsed":377,"timestamp":"2026-09-05T00:46:45.445Z"}
{"level":"info","message":"⌛ Validating logica.wlk","timeElapsed":401,"timestamp":"2026-09-05T00:46:45.858Z"}
{"level":"info","message":"⌛ Validating logica.wlk","timeElapsed":379,"timestamp":"2026-09-05T00:46:46.253Z"}
{"level":"info","message":"⌛ Validating logica.wlk","timeElapsed":413,"timestamp":"2026-09-05T00:46:46.679Z"}
{"level":"info","message":"⌛ Validating logica.wlk","timeElapsed":396,"timestamp":"2026-09-05T00:46:47.086Z"}
{"level":"info","message":"⌛ Validating logica.wlk","timeElapsed":451,"timestamp":"2026-09-05T00:46:47.553Z"}
{"level":"info","message":"⌛ Validating logica.wlk","timeElapsed":558,"timestamp":"2026-09-05T00:46:48.129Z"}
{"level":"info","message":"⌛ Validating logica.wlk","timeElapsed":506,"timestamp":"2026-09-05T00:46:48.648Z"}
{"level":"info","message":"⌛ Validating logica.wlk","timeElapsed":396,"timestamp":"2026-09-05T00:46:49.061Z"}
{"level":"info","message":"⌛ Validating logica.wlk","timeElapsed":525,"timestamp":"2026-09-05T00:46:49.611Z"}
{"level":"info","message":"⌛ Validating logica.wlk","timeElapsed":593,"timestamp":"2026-09-05T00:46:50.223Z"}
{"level":"info","message":"⌛ Validating logica.wlk","timeElapsed":432,"timestamp":"2026-09-05T00:46:50.675Z"}
{"level":"info","message":"⌛ Validating logica.wlk","timeElapsed":465,"timestamp":"2026-09-05T00:46:51.152Z"}
{"level":"info","message":"⌛ Validating logica.wlk","timeElapsed":781,"timestamp":"2026-09-05T00:46:51.951Z"}
{"level":"info","message":"⌛ Validating logica.wlk","timeElapsed":401,"timestamp":"2026-09-05T00:46:52.367Z"}
{"level":"info","message":"⌛ Validating logica.wlk","timeElapsed":425,"timestamp":"2026-09-05T00:46:52.803Z"}
{"level":"info","message":"⌛ Validating logica.wlk","timeElapsed":434,"timestamp":"2026-09-05T00:46:53.251Z"}
{"level":"info","message":"⌛ Validating logica.wlk","timeElapsed":459,"timestamp":"2026-09-05T00:46:53.723Z"}
{"level":"info","message":"⌛ Validating logica.wlk","timeElapsed":576,"timestamp":"2026-09-05T00:46:54.312Z"}
{"level":"info","message":"⌛ Validating logica.wlk","timeElapsed":717,"timestamp":"2026-09-05T00:46:55.055Z"}
{"level":"info","message":"⌛ Validating logica.wlk","timeElapsed":703,"timestamp":"2026-09-05T00:46:55.770Z"}
{"level":"info","message":"⌛ Validating logica.wlk","timeElapsed":1904,"timestamp":"2026-09-05T00:46:57.720Z"}
{"level":"info","message":"⌛ Validating logica.wlk","timeElapsed":1199,"timestamp":"2026-09-05T00:46:58.956Z"}
{"level":"info","message":"⌛ Validating logica.wlk","timeElapsed":704,"timestamp":"2026-09-05T00:46:59.686Z"}
{"level":"info","message":"⌛ Validating logica.wlk","timeElapsed":760,"timestamp":"2026-09-05T00:47:00.489Z"}
{"level":"info","message":"⌛ Validating logica.wlk","timeElapsed":667,"timestamp":"2026-09-05T00:47:01.185Z"}
{"level":"info","message":"⌛ Validating logica.wlk","timeElapsed":2166,"timestamp":"2026-09-05T00:47:03.374Z"}
{"level":"info","message":"⌛ Validating logica.wlk","timeElapsed":1772,"timestamp":"2026-09-05T00:47:05.171Z"}
{"level":"info","message":"⌛ Validating logica.wlk","timeElapsed":3209,"timestamp":"2026-09-05T00:47:08.463Z"}
{"level":"info","message":"⌛ Validating logica.wlk","timeElapsed":1703,"timestamp":"2026-09-05T00:47:10.199Z"}
{"level":"info","message":"⌛ Validating logica.wlk","timeElapsed":1102,"timestamp":"2026-09-05T00:47:11.348Z"}
{"level":"info","message":"⌛ Validating logica.wlk","timeElapsed":470,"timestamp":"2026-09-05T00:47:11.833Z"}
{"level":"info","message":"⌛ Validating logica.wlk","timeElapsed":1007,"timestamp":"2026-09-05T00:47:12.862Z"}
{"level":"info","message":"⌛ Validating logica.wlk","timeElapsed":1044,"timestamp":"2026-09-05T00:47:13.949Z"}
{"level":"info","message":"⌛ Validating logica.wlk","timeElapsed":1410,"timestamp":"2026-09-05T00:47:15.391Z"}
{"level":"info","message":"⌛ Validating logica.wlk","timeElapsed":841,"timestamp":"2026-09-05T00:47:16.269Z"}
{"level":"info","message":"⌛ Validating logica.wlk","timeElapsed":1107,"timestamp":"2026-09-05T00:47:17.417Z"}
{"level":"info","message":"⌛ Validating logica.wlk","timeElapsed":1719,"timestamp":"2026-09-05T00:47:19.182Z"}
{"level":"info","message":"⌛ Validating logica.wlk","timeElapsed":650,"timestamp":"2026-09-05T00:47:19.872Z"}
{"level":"info","message":"⌛ Building environment","timeElapsed":1709,"timestamp":"2026-09-05T00:47:21.787Z"}
{"level":"info","message":"⌛ Building environment","timeElapsed":627,"timestamp":"2026-09-05T00:47:22.417Z"}
{"level":"info","message":"Removing diagnostics from /home/victoria/gamewlk-0/pingu.jpg","timestamp":"2026-09-05T00:47:22.544Z"}
{"level":"info","message":"⌛ Building environment","timeElapsed":358,"timestamp":"2026-09-05T00:47:23.288Z"}
{"level":"info","message":"⌛ Building environment","timeElapsed":966,"timestamp":"2026-09-05T00:47:24.545Z"}
{"level":"info","message":"⌛ Building environment","timeElapsed":763,"timestamp":"2026-09-05T00:47:25.330Z"}
{"level":"info","message":"⌛ Building environment","timeElapsed":1108,"timestamp":"2026-09-05T00:47:26.564Z"}
{"level":"info","message":"⌛ Building environment","timeElapsed":529,"timestamp":"2026-09-05T00:47:27.301Z"}
{"level":"info","message":"⌛ Building environment","timeElapsed":1153,"timestamp":"2026-09-05T00:47:28.456Z"}
{"level":"info","message":"⌛ Building environment","timeElapsed":704,"timestamp":"2026-09-05T00:47:29.181Z"}
{"level":"info","message":"⌛ Building environment","timeElapsed":724,"timestamp":"2026-09-05T00:47:30.319Z"}
{"level":"info","message":"⌛ Building environment","timeElapsed":707,"timestamp":"2026-09-05T00:47:31.031Z"}
{"level":"info","message":"⌛ Building environment","timeElapsed":456,"timestamp":"2026-09-05T00:47:31.507Z"}
{"level":"info","message":"⌛ Building environment","timeElapsed":337,"timestamp":"2026-09-05T00:47:32.112Z"}
{"level":"info","message":"⌛ Building environment","timeElapsed":452,"timestamp":"2026-09-05T00:47:32.568Z"}
{"level":"info","message":"⌛ Building environment","timeElapsed":549,"timestamp":"2026-09-05T00:47:33.119Z"}
{"level":"info","message":"⌛ Building environment","timeElapsed":318,"timestamp":"2026-09-05T00:47:33.625Z"}
{"level":"info","message":"⌛ Building environment","timeElapsed":736,"timestamp":"2026-09-05T00:47:34.373Z"}
{"level":"info","message":"⌛ Building environment","timeElapsed":568,"timestamp":"2026-09-05T00:47:34.967Z"}
{"level":"info","message":"⌛ Building environment","timeElapsed":902,"timestamp":"2026-09-05T00:47:35.881Z"}
{"level":"info","message":"⌛ Building environment","timeElapsed":2175,"timestamp":"2026-09-05T00:47:38.080Z"}
{"level":"info","message":"⌛ Building environment","timeElapsed":396,"timestamp":"2026-09-05T00:47:38.789Z"}
{"level":"info","message":"⌛ Building environment","timeElapsed":793,"timestamp":"2026-09-05T00:47:39.584Z"}
{"level":"info","message":"⌛ Autocomplete - Package","timeElapsed":273,"timestamp":"2026-09-05T00:47:39.919Z"}
{"level":"info","message":"⌛ Building environment","timeElapsed":702,"timestamp":"2026-09-05T00:47:40.654Z"}
{"level":"info","message":"⌛ Building environment","timeElapsed":636,"timestamp":"2026-09-05T00:47:41.664Z"}
{"level":"info","message":"⌛ Building environment","timeElapsed":1302,"timestamp":"2026-09-05T00:47:42.970Z"}
{"level":"info","message":"⌛ Building environment","timeElapsed":711,"timestamp":"2026-09-05T00:47:43.694Z"}
{"level":"info","message":"⌛ Building environment","timeElapsed":634,"timestamp":"2026-09-05T00:47:44.331Z"}
{"level":"info","message":"⌛ Autocomplete - Package","timeElapsed":118,"timestamp":"2026-09-05T00:47:44.473Z"}
{"level":"info","message":"⌛ Building environment","timeElapsed":880,"timestamp":"2026-09-05T00:47:45.359Z"}
{"level":"info","message":"⌛ Building environment","timeElapsed":575,"timestamp":"2026-09-05T00:47:45.955Z"}
{"level":"info","message":"⌛ Building environment","timeElapsed":559,"timestamp":"2026-09-05T00:47:46.517Z"}
{"level":"info","message":"⌛ Building environment","timeElapsed":321,"timestamp":"2026-09-05T00:47:46.842Z"}
{"level":"info","message":"⌛ Building environment","timeElapsed":1967,"timestamp":"2026-09-05T00:47:49.113Z"}
{"level":"info","message":"⌛ Building environment","timeElapsed":1000,"timestamp":"2026-09-05T00:47:50.118Z"}
{"level":"info","message":"⌛ Building environment","timeElapsed":990,"timestamp":"2026-09-05T00:47:51.113Z"}
{"level":"info","message":"⌛ Building environment","timeElapsed":596,"timestamp":"2026-09-05T00:47:51.945Z"}
{"level":"info","message":"⌛ Building environment","timeElapsed":6823,"timestamp":"2026-09-05T00:47:58.809Z"}
{"level":"info","message":"⌛ Building environment","timeElapsed":2069,"timestamp":"2026-09-05T00:48:00.916Z"}
{"level":"info","message":"⌛ Building environment","timeElapsed":2556,"timestamp":"2026-09-05T00:48:03.480Z"}
{"level":"info","message":"⌛ Building environment","timeElapsed":2337,"timestamp":"2026-09-05T00:48:05.936Z"}
{"level":"info","message":"⌛ Building environment","timeElapsed":4319,"timestamp":"2026-09-05T00:48:10.362Z"}
{"level":"info","message":"⌛ Building environment","timeElapsed":1158,"timestamp":"2026-09-05T00:48:11.523Z"}
{"level":"info","message":"⌛ Building environment","timeElapsed":363,"timestamp":"2026-09-05T00:48:11.886Z"}
{"level":"info","message":"⌛ Building environment","timeElapsed":478,"timestamp":"2026-09-05T00:48:12.369Z"}
{"level":"info","message":"⌛ Autocomplete - Package","timeElapsed":136,"timestamp":"2026-09-05T00:48:12.510Z"}
{"level":"info","message":"⌛ Building environment","timeElapsed":476,"timestamp":"2026-09-05T00:48:12.990Z"}
{"level":"info","message":"⌛ Autocomplete - Package","timeElapsed":662,"timestamp":"2026-09-05T00:48:13.806Z"}
{"level":"info","message":"⌛ Building environment","timeElapsed":2658,"timestamp":"2026-09-05T00:48:16.483Z"}
{"level":"info","message":"⌛ Building environment","timeElapsed":633,"timestamp":"2026-09-05T00:48:17.153Z"}
{"level":"info","message":"⌛ Building environment","timeElapsed":726,"timestamp":"2026-09-05T00:48:18.040Z"}
{"level":"info","message":"⌛ Validating logica.wlk","timeElapsed":1102,"timestamp":"2026-09-05T00:48:19.145Z"}
{"level":"info","message":"⌛ Validating logica.wlk","timeElapsed":1055,"timestamp":"2026-09-05T00:48:20.235Z"}
{"level":"info","message":"⌛ Building environment","timeElapsed":568,"timestamp":"2026-09-05T00:48:20.807Z"}
{"level":"info","message":"⌛ Validating logica.wlk","timeElapsed":1069,"timestamp":"2026-09-05T00:48:21.879Z"}
{"level":"info","message":"⌛ Validating logica.wlk","timeElapsed":632,"timestamp":"2026-09-05T00:48:22.541Z"}
{"level":"info","message":"⌛ Validating logica.wlk","timeElapsed":1082,"timestamp":"2026-09-05T00:48:23.624Z"}
{"level":"info","message":"⌛ Validating logica.wlk","timeElapsed":761,"timestamp":"2026-09-05T00:48:24.593Z"}
{"level":"info","message":"⌛ Validating juego.wpgm","timeElapsed":809,"timestamp":"2026-09-05T00:48:25.463Z"}
{"level":"info","message":"⌛ Validating juego.wpgm","timeElapsed":2184,"timestamp":"2026-09-05T00:48:27.673Z"}
{"level":"info","message":"⌛ Validating juego.wpgm","timeElapsed":2152,"timestamp":"2026-09-05T00:48:29.903Z"}
{"level":"info","message":"⌛ Validating juego.wpgm","timeElapsed":2543,"timestamp":"2026-09-05T00:48:32.500Z"}
{"level":"info","message":"⌛ Validating juego.wpgm","timeElapsed":1786,"timestamp":"2026-09-05T00:48:34.323Z"}
{"level":"info","message":"⌛ Validating juego.wpgm","timeElapsed":1372,"timestamp":"2026-09-05T00:48:35.751Z"}
{"level":"info","message":"⌛ Validating juego.wpgm","timeElapsed":1833,"timestamp":"2026-09-05T00:48:37.636Z"}
{"level":"info","message":"⌛ Validating juego.wpgm","timeElapsed":3320,"timestamp":"2026-09-05T00:48:40.992Z"}
{"level":"info","message":"⌛ Validating juego.wpgm","timeElapsed":942,"timestamp":"2026-09-05T00:48:41.963Z"}
{"level":"info","message":"⌛ Validating juego.wpgm","timeElapsed":838,"timestamp":"2026-09-05T00:48:42.836Z"}
{"level":"info","message":"⌛ Validating juego.wpgm","timeElapsed":719,"timestamp":"2026-09-05T00:48:43.584Z"}
{"level":"info","message":"⌛ Validating juego.wpgm","timeElapsed":1896,"timestamp":"2026-09-05T00:48:45.548Z"}
{"level":"info","message":"⌛ Validating juego.wpgm","timeElapsed":1117,"timestamp":"2026-09-05T00:48:46.672Z"}
{"level":"info","message":"⌛ Validating juego.wpgm","timeElapsed":1267,"timestamp":"2026-09-05T00:48:47.941Z"}
{"level":"info","message":"⌛ Validating juego.wpgm","timeElapsed":741,"timestamp":"2026-09-05T00:48:48.682Z"}
{"level":"info","message":"⌛ Validating juego.wpgm","timeElapsed":597,"timestamp":"2026-09-05T00:48:49.280Z"}
{"level":"info","message":"⌛ Validating juego.wpgm","timeElapsed":524,"timestamp":"2026-09-05T00:48:49.805Z"}
{"level":"info","message":"⌛ Validating juego.wpgm","timeElapsed":441,"timestamp":"2026-09-05T00:48:50.248Z"}
{"level":"info","message":"⌛ Validating juego.wpgm","timeElapsed":611,"timestamp":"2026-09-05T00:48:50.860Z"}
{"level":"info","message":"⌛ Validating juego.wpgm","timeElapsed":456,"timestamp":"2026-09-05T00:48:51.334Z"}
{"level":"info","message":"⌛ Validating juego.wpgm","timeElapsed":399,"timestamp":"2026-09-05T00:48:51.745Z"}
{"level":"info","message":"⌛ Validating juego.wpgm","timeElapsed":397,"timestamp":"2026-09-05T00:48:52.154Z"}
{"level":"info","message":"⌛ Validating juego.wpgm","timeElapsed":409,"timestamp":"2026-09-05T00:48:52.578Z"}
{"level":"info","message":"⌛ Validating juego.wpgm","timeElapsed":738,"timestamp":"2026-09-05T00:48:53.327Z"}
{"level":"info","message":"⌛ Validating juego.wpgm","timeElapsed":398,"timestamp":"2026-09-05T00:48:53.738Z"}
{"level":"info","message":"⌛ Validating juego.wpgm","timeElapsed":427,"timestamp":"2026-09-05T00:48:54.179Z"}
{"level":"info","message":"⌛ Validating juego.wpgm","timeElapsed":470,"timestamp":"2026-09-05T00:48:54.667Z"}
{"level":"info","message":"⌛ Validating juego.wpgm","timeElapsed":533,"timestamp":"2026-09-05T00:48:55.220Z"}
{"level":"info","message":"⌛ Validating juego.wpgm","timeElapsed":987,"timestamp":"2026-09-05T00:48:56.216Z"}
{"level":"info","message":"⌛ Validating juego.wpgm","timeElapsed":774,"timestamp":"2026-09-05T00:48:56.992Z"}
{"level":"info","message":"⌛ Validating juego.wpgm","timeElapsed":1227,"timestamp":"2026-09-05T00:48:58.220Z"}
{"level":"info","message":"⌛ Validating juego.wpgm","timeElapsed":514,"timestamp":"2026-09-05T00:48:58.736Z"}
{"level":"info","message":"⌛ Validating juego.wpgm","timeElapsed":514,"timestamp":"2026-09-05T00:48:59.254Z"}
{"level":"info","message":"⌛ Validating juego.wpgm","timeElapsed":489,"timestamp":"2026-09-05T00:48:59.744Z"}
{"level":"info","message":"⌛ Validating juego.wpgm","timeElapsed":454,"timestamp":"2026-09-05T00:49:00.199Z"}
{"level":"info","message":"⌛ Validating juego.wpgm","timeElapsed":974,"timestamp":"2026-09-05T00:49:01.174Z"}
{"level":"info","message":"⌛ Validating juego.wpgm","timeElapsed":904,"timestamp":"2026-09-05T00:49:02.082Z"}
{"level":"info","message":"⌛ Validating juego.wpgm","timeElapsed":1079,"timestamp":"2026-09-05T00:49:03.206Z"}
{"level":"info","message":"⌛ Validating juego.wpgm","timeElapsed":1022,"timestamp":"2026-09-05T00:49:04.233Z"}
{"level":"info","message":"⌛ Validating juego.wpgm","timeElapsed":854,"timestamp":"2026-09-05T00:49:05.088Z"}
{"level":"info","message":"⌛ Building environment","timeElapsed":955,"timestamp":"2026-09-05T00:49:06.045Z"}
{"level":"info","message":"⌛ Building environment","timeElapsed":392,"timestamp":"2026-09-05T00:49:06.439Z"}
{"level":"info","message":"⌛ Building environment","timeElapsed":432,"timestamp":"2026-09-05T00:49:06.872Z"}
{"level":"info","message":"⌛ Building environment","timeElapsed":499,"timestamp":"2026-09-05T00:49:07.377Z"}
{"level":"info","message":"⌛ Building environment","timeElapsed":579,"timestamp":"2026-09-05T00:49:08.315Z"}
{"level":"info","message":"⌛ Building environment","timeElapsed":1430,"timestamp":"2026-09-05T00:49:09.764Z"}
{"level":"error","message":"✘ Failed to rebuild document Failed to parse juego.wpgm: \n-- PARSING FAILED --------------------------------------------------\n\nGot the end of the input\n\nExpected one of the following: \n\nidentifier, whitespace\n","stack":"Error: Failed to parse juego.wpgm: \n-- PARSING FAILED --------------------------------------------------\n\nGot the end of the input\n\nExpected one of the following: \n\nidentifier, whitespace\n\n    at /home/victoria/.vscode/extensions/uqbar.wollok-lsp-ide-0.5.5/out/server/src/server.js:2385:13026\n    at Array.map (<anonymous>)\n    at z1n (/home/victoria/.vscode/extensions/uqbar.wollok-lsp-ide-0.5.5/out/server/src/server.js:2385:12950)\n    at H2.buildEnvironmentFrom (/home/victoria/.vscode/extensions/uqbar.wollok-lsp-ide-0.5.5/out/server/src/server.js:2430:5254)\n    at H2.updateEnvironmentWith (/home/victoria/.vscode/extensions/uqbar.wollok-lsp-ide-0.5.5/out/server/src/server.js:2430:4989)\n    at QF (/home/victoria/.vscode/extensions/uqbar.wollok-lsp-ide-0.5.5/out/server/src/server.js:2430:7383)\n    at V3.invoke (/home/victoria/.vscode/extensions/uqbar.wollok-lsp-ide-0.5.5/out/server/src/server.js:3:157330)\n    at o.fire (/home/victoria/.vscode/extensions/uqbar.wollok-lsp-ide-0.5.5/out/server/src/server.js:3:158100)\n    at /home/victoria/.vscode/extensions/uqbar.wollok-lsp-ide-0.5.5/out/server/src/server.js:37:57871\n    at nd (/home/victoria/.vscode/extensions/uqbar.wollok-lsp-ide-0.5.5/out/server/src/server.js:8:1561)","timestamp":"2026-09-05T00:49:09.789Z"}
{"level":"error","message":"✘ Failed to rebuild document Failed to parse juego.wpgm: \n-- PARSING FAILED --------------------------------------------------\n\nGot the end of the input\n\nExpected one of the following: \n\nidentifier, whitespace\n","stack":"Error: Failed to parse juego.wpgm: \n-- PARSING FAILED --------------------------------------------------\n\nGot the end of the input\n\nExpected one of the following: \n\nidentifier, whitespace\n\n    at /home/victoria/.vscode/extensions/uqbar.wollok-lsp-ide-0.5.5/out/server/src/server.js:2385:13026\n    at Array.map (<anonymous>)\n    at z1n (/home/victoria/.vscode/extensions/uqbar.wollok-lsp-ide-0.5.5/out/server/src/server.js:2385:12950)\n    at H2.buildEnvironmentFrom (/home/victoria/.vscode/extensions/uqbar.wollok-lsp-ide-0.5.5/out/server/src/server.js:2430:5254)\n    at H2.updateEnvironmentWith (/home/victoria/.vscode/extensions/uqbar.wollok-lsp-ide-0.5.5/out/server/src/server.js:2430:4989)\n    at QF (/home/victoria/.vscode/extensions/uqbar.wollok-lsp-ide-0.5.5/out/server/src/server.js:2430:7383)\n    at V3.invoke (/home/victoria/.vscode/extensions/uqbar.wollok-lsp-ide-0.5.5/out/server/src/server.js:3:157330)\n    at o.fire (/home/victoria/.vscode/extensions/uqbar.wollok-lsp-ide-0.5.5/out/server/src/server.js:3:158100)\n    at /home/victoria/.vscode/extensions/uqbar.wollok-lsp-ide-0.5.5/out/server/src/server.js:37:57871\n    at nd (/home/victoria/.vscode/extensions/uqbar.wollok-lsp-ide-0.5.5/out/server/src/server.js:8:1561)","timestamp":"2026-09-05T00:49:09.800Z"}
{"level":"error","message":"✘ Failed to rebuild document Failed to parse juego.wpgm: \n-- PARSING FAILED --------------------------------------------------\n\nGot the end of the input\n\nExpected one of the following: \n\n'@', '{', comment, whitespace\n","stack":"Error: Failed to parse juego.wpgm: \n-- PARSING FAILED --------------------------------------------------\n\nGot the end of the input\n\nExpected one of the following: \n\n'@', '{', comment, whitespace\n\n    at /home/victoria/.vscode/extensions/uqbar.wollok-lsp-ide-0.5.5/out/server/src/server.js:2385:13026\n    at Array.map (<anonymous>)\n    at z1n (/home/victoria/.vscode/extensions/uqbar.wollok-lsp-ide-0.5.5/out/server/src/server.js:2385:12950)\n    at H2.buildEnvironmentFrom (/home/victoria/.vscode/extensions/uqbar.wollok-lsp-ide-0.5.5/out/server/src/server.js:2430:5254)\n    at H2.updateEnvironmentWith (/home/victoria/.vscode/extensions/uqbar.wollok-lsp-ide-0.5.5/out/server/src/server.js:2430:4989)\n    at QF (/home/victoria/.vscode/extensions/uqbar.wollok-lsp-ide-0.5.5/out/server/src/server.js:2430:7383)\n    at V3.invoke (/home/victoria/.vscode/extensions/uqbar.wollok-lsp-ide-0.5.5/out/server/src/server.js:3:157330)\n    at o.fire (/home/victoria/.vscode/extensions/uqbar.wollok-lsp-ide-0.5.5/out/server/src/server.js:3:158100)\n    at /home/victoria/.vscode/extensions/uqbar.wollok-lsp-ide-0.5.5/out/server/src/server.js:37:57871\n    at nd (/home/victoria/.vscode/extensions/uqbar.wollok-lsp-ide-0.5.5/out/server/src/server.js:8:1561)","timestamp":"2026-09-05T00:49:09.905Z"}
{"level":"error","message":"✘ Failed to rebuild document Failed to parse juego.wpgm: \n-- PARSING FAILED --------------------------------------------------\n\nGot the end of the input\n\nExpected one of the following: \n\n'@', '{', comment, whitespace\n","stack":"Error: Failed to parse juego.wpgm: \n-- PARSING FAILED --------------------------------------------------\n\nGot the end of the input\n\nExpected one of the following: \n\n'@', '{', comment, whitespace\n\n    at /home/victoria/.vscode/extensions/uqbar.wollok-lsp-ide-0.5.5/out/server/src/server.js:2385:13026\n    at Array.map (<anonymous>)\n    at z1n (/home/victoria/.vscode/extensions/uqbar.wollok-lsp-ide-0.5.5/out/server/src/server.js:2385:12950)\n    at H2.buildEnvironmentFrom (/home/victoria/.vscode/extensions/uqbar.wollok-lsp-ide-0.5.5/out/server/src/server.js:2430:5254)\n    at H2.updateEnvironmentWith (/home/victoria/.vscode/extensions/uqbar.wollok-lsp-ide-0.5.5/out/server/src/server.js:2430:4989)\n    at QF (/home/victoria/.vscode/extensions/uqbar.wollok-lsp-ide-0.5.5/out/server/src/server.js:2430:7383)\n    at V3.invoke (/home/victoria/.vscode/extensions/uqbar.wollok-lsp-ide-0.5.5/out/server/src/server.js:3:157330)\n    at o.fire (/home/victoria/.vscode/extensions/uqbar.wollok-lsp-ide-0.5.5/out/server/src/server.js:3:158100)\n    at /home/victoria/.vscode/extensions/uqbar.wollok-lsp-ide-0.5.5/out/server/src/server.js:37:57871\n    at nd (/home/victoria/.vscode/extensions/uqbar.wollok-lsp-ide-0.5.5/out/server/src/server.js:8:1561)","timestamp":"2026-09-05T00:49:09.918Z"}
{"level":"error","message":"✘ Failed to rebuild document Failed to parse juego.wpgm: \n-- PARSING FAILED --------------------------------------------------\n\nGot the end of the input\n\nExpected one of the following: \n\n'@', '{', comment, whitespace\n","stack":"Error: Failed to parse juego.wpgm: \n-- PARSING FAILED --------------------------------------------------\n\nGot the end of the input\n\nExpected one of the following: \n\n'@', '{', comment, whitespace\n\n    at /home/victoria/.vscode/extensions/uqbar.wollok-lsp-ide-0.5.5/out/server/src/server.js:2385:13026\n    at Array.map (<anonymous>)\n    at z1n (/home/victoria/.vscode/extensions/uqbar.wollok-lsp-ide-0.5.5/out/server/src/server.js:2385:12950)\n    at H2.buildEnvironmentFrom (/home/victoria/.vscode/extensions/uqbar.wollok-lsp-ide-0.5.5/out/server/src/server.js:2430:5254)\n    at H2.updateEnvironmentWith (/home/victoria/.vscode/extensions/uqbar.wollok-lsp-ide-0.5.5/out/server/src/server.js:2430:4989)\n    at QF (/home/victoria/.vscode/extensions/uqbar.wollok-lsp-ide-0.5.5/out/server/src/server.js:2430:7383)\n    at V3.invoke (/home/victoria/.vscode/extensions/uqbar.wollok-lsp-ide-0.5.5/out/server/src/server.js:3:157330)\n    at o.fire (/home/victoria/.vscode/extensions/uqbar.wollok-lsp-ide-0.5.5/out/server/src/server.js:3:158100)\n    at /home/victoria/.vscode/extensions/uqbar.wollok-lsp-ide-0.5.5/out/server/src/server.js:37:57871\n    at nd (/home/victoria/.vscode/extensions/uqbar.wollok-lsp-ide-0.5.5/out/server/src/server.js:8:1561)","timestamp":"2026-09-05T00:49:09.966Z"}
{"level":"error","message":"✘ Failed to rebuild document Failed to parse juego.wpgm: \n-- PARSING FAILED --------------------------------------------------\n\nGot the end of the input\n\nExpected one of the following: \n\n'@', '{', comment, whitespace\n","stack":"Error: Failed to parse juego.wpgm: \n-- PARSING FAILED --------------------------------------------------\n\nGot the end of the input\n\nExpected one of the following: \n\n'@', '{', comment, whitespace\n\n    at /home/victoria/.vscode/extensions/uqbar.wollok-lsp-ide-0.5.5/out/server/src/server.js:2385:13026\n    at Array.map (<anonymous>)\n    at z1n (/home/victoria/.vscode/extensions/uqbar.wollok-lsp-ide-0.5.5/out/server/src/server.js:2385:12950)\n    at H2.buildEnvironmentFrom (/home/victoria/.vscode/extensions/uqbar.wollok-lsp-ide-0.5.5/out/server/src/server.js:2430:5254)\n    at H2.updateEnvironmentWith (/home/victoria/.vscode/extensions/uqbar.wollok-lsp-ide-0.5.5/out/server/src/server.js:2430:4989)\n    at QF (/home/victoria/.vscode/extensions/uqbar.wollok-lsp-ide-0.5.5/out/server/src/server.js:2430:7383)\n    at V3.invoke (/home/victoria/.vscode/extensions/uqbar.wollok-lsp-ide-0.5.5/out/server/src/server.js:3:157330)\n    at o.fire (/home/victoria/.vscode/extensions/uqbar.wollok-lsp-ide-0.5.5/out/server/src/server.js:3:158100)\n    at /home/victoria/.vscode/extensions/uqbar.wollok-lsp-ide-0.5.5/out/server/src/server.js:37:57871\n    at nd (/home/victoria/.vscode/extensions/uqbar.wollok-lsp-ide-0.5.5/out/server/src/server.js:8:1561)","timestamp":"2026-09-05T00:49:10.013Z"}
{"level":"error","message":"✘ Failed to rebuild document Failed to parse juego.wpgm: \n-- PARSING FAILED --------------------------------------------------\n\nGot the end of the input\n\nExpected one of the following: \n\n'@', '{', comment, whitespace\n","stack":"Error: Failed to parse juego.wpgm: \n-- PARSING FAILED --------------------------------------------------\n\nGot the end of the input\n\nExpected one of the following: \n\n'@', '{', comment, whitespace\n\n    at /home/victoria/.vscode/extensions/uqbar.wollok-lsp-ide-0.5.5/out/server/src/server.js:2385:13026\n    at Array.map (<anonymous>)\n    at z1n (/home/victoria/.vscode/extensions/uqbar.wollok-lsp-ide-0.5.5/out/server/src/server.js:2385:12950)\n    at H2.buildEnvironmentFrom (/home/victoria/.vscode/extensions/uqbar.wollok-lsp-ide-0.5.5/out/server/src/server.js:2430:5254)\n    at H2.updateEnvironmentWith (/home/victoria/.vscode/extensions/uqbar.wollok-lsp-ide-0.5.5/out/server/src/server.js:2430:4989)\n    at QF (/home/victoria/.vscode/extensions/uqbar.wollok-lsp-ide-0.5.5/out/server/src/server.js:2430:7383)\n    at V3.invoke (/home/victoria/.vscode/extensions/uqbar.wollok-lsp-ide-0.5.5/out/server/src/server.js:3:157330)\n    at o.fire (/home/victoria/.vscode/extensions/uqbar.wollok-lsp-ide-0.5.5/out/server/src/server.js:3:158100)\n    at /home/victoria/.vscode/extensions/uqbar.wollok-lsp-ide-0.5.5/out/server/src/server.js:37:57871\n    at nd (/home/victoria/.vscode/extensions/uqbar.wollok-lsp-ide-0.5.5/out/server/src/server.js:8:1561)","timestamp":"2026-09-05T00:49:10.040Z"}
{"level":"error","message":"✘ Failed to rebuild document Failed to parse juego.wpgm: \n-- PARSING FAILED --------------------------------------------------\n\nGot the end of the input\n\nExpected one of the following: \n\n'@', '{', comment, whitespace\n","stack":"Error: Failed to parse juego.wpgm: \n-- PARSING FAILED --------------------------------------------------\n\nGot the end of the input\n\nExpected one of the following: \n\n'@', '{', comment, whitespace\n\n    at /home/victoria/.vscode/extensions/uqbar.wollok-lsp-ide-0.5.5/out/server/src/server.js:2385:13026\n    at Array.map (<anonymous>)\n    at z1n (/home/victoria/.vscode/extensions/uqbar.wollok-lsp-ide-0.5.5/out/server/src/server.js:2385:12950)\n    at H2.buildEnvironmentFrom (/home/victoria/.vscode/extensions/uqbar.wollok-lsp-ide-0.5.5/out/server/src/server.js:2430:5254)\n    at H2.updateEnvironmentWith (/home/victoria/.vscode/extensions/uqbar.wollok-lsp-ide-0.5.5/out/server/src/server.js:2430:4989)\n    at QF (/home/victoria/.vscode/extensions/uqbar.wollok-lsp-ide-0.5.5/out/server/src/server.js:2430:7383)\n    at V3.invoke (/home/victoria/.vscode/extensions/uqbar.wollok-lsp-ide-0.5.5/out/server/src/server.js:3:157330)\n    at o.fire (/home/victoria/.vscode/extensions/uqbar.wollok-lsp-ide-0.5.5/out/server/src/server.js:3:158100)\n    at /home/victoria/.vscode/extensions/uqbar.wollok-lsp-ide-0.5.5/out/server/src/server.js:37:57871\n    at nd (/home/victoria/.vscode/extensions/uqbar.wollok-lsp-ide-0.5.5/out/server/src/server.js:8:1561)","timestamp":"2026-09-05T00:49:10.093Z"}
{"level":"error","message":"✘ Failed to rebuild document Failed to parse juego.wpgm: \n-- PARSING FAILED --------------------------------------------------\n\nGot the end of the input\n\nExpected one of the following: \n\n'@', '{', comment, whitespace\n","stack":"Error: Failed to parse juego.wpgm: \n-- PARSING FAILED --------------------------------------------------\n\nGot the end of the input\n\nExpected one of the following: \n\n'@', '{', comment, whitespace\n\n    at /home/victoria/.vscode/extensions/uqbar.wollok-lsp-ide-0.5.5/out/server/src/server.js:2385:13026\n    at Array.map (<anonymous>)\n    at z1n (/home/victoria/.vscode/extensions/uqbar.wollok-lsp-ide-0.5.5/out/server/src/server.js:2385:12950)\n    at H2.buildEnvironmentFrom (/home/victoria/.vscode/extensions/uqbar.wollok-lsp-ide-0.5.5/out/server/src/server.js:2430:5254)\n    at H2.updateEnvironmentWith (/home/victoria/.vscode/extensions/uqbar.wollok-lsp-ide-0.5.5/out/server/src/server.js:2430:4989)\n    at QF (/home/victoria/.vscode/extensions/uqbar.wollok-lsp-ide-0.5.5/out/server/src/server.js:2430:7383)\n    at V3.invoke (/home/victoria/.vscode/extensions/uqbar.wollok-lsp-ide-0.5.5/out/server/src/server.js:3:157330)\n    at o.fire (/home/victoria/.vscode/extensions/uqbar.wollok-lsp-ide-0.5.5/out/server/src/server.js:3:158100)\n    at /home/victoria/.vscode/extensions/uqbar.wollok-lsp-ide-0.5.5/out/server/src/server.js:37:57871\n    at nd (/home/victoria/.vscode/extensions/uqbar.wollok-lsp-ide-0.5.5/out/server/src/server.js:8:1561)","timestamp":"2026-09-05T00:49:10.129Z"}
{"level":"info","message":"⌛ Autocomplete - Package","timeElapsed":458,"timestamp":"2026-09-05T00:49:10.601Z"}
{"level":"info","message":"⌛ Building environment","timeElapsed":417,"timestamp":"2026-09-05T00:49:11.022Z"}
{"level":"info","message":"⌛ Building environment","timeElapsed":572,"timestamp":"2026-09-05T00:49:11.683Z"}
{"level":"info","message":"⌛ Building environment","timeElapsed":816,"timestamp":"2026-09-05T00:49:12.528Z"}
{"level":"info","message":"⌛ Building environment","timeElapsed":336,"timestamp":"2026-09-05T00:49:12.924Z"}
{"level":"info","message":"⌛ Building environment","timeElapsed":506,"timestamp":"2026-09-05T00:49:13.727Z"}
{"level":"info","message":"⌛ Validating juego.wpgm","timeElapsed":644,"timestamp":"2026-09-05T00:49:14.659Z"}
{"level":"info","message":"⌛ Validating juego.wpgm","timeElapsed":566,"timestamp":"2026-09-05T00:49:15.225Z"}
{"level":"info","message":"⌛ Validating juego.wpgm","timeElapsed":604,"timestamp":"2026-09-05T00:49:15.831Z"}
{"level":"info","message":"⌛ Validating juego.wpgm","timeElapsed":691,"timestamp":"2026-09-05T00:49:16.524Z"}
{"level":"info","message":"⌛ Validating juego.wpgm","timeElapsed":1430,"timestamp":"2026-09-05T00:49:17.962Z"}
{"level":"info","message":"⌛ Validating juego.wpgm","timeElapsed":662,"timestamp":"2026-09-05T00:49:18.624Z"}
{"level":"info","message":"⌛ Validating juego.wpgm","timeElapsed":594,"timestamp":"2026-09-05T00:49:19.222Z"}
{"level":"info","message":"⌛ Validating juego.wpgm","timeElapsed":664,"timestamp":"2026-09-05T00:49:19.905Z"}
{"level":"info","message":"⌛ Validating juego.wpgm","timeElapsed":1578,"timestamp":"2026-09-05T00:49:21.505Z"}
{"level":"info","message":"⌛ Validating juego.wpgm","timeElapsed":628,"timestamp":"2026-09-05T00:49:22.150Z"}
{"level":"info","message":"⌛ Validating juego.wpgm","timeElapsed":423,"timestamp":"2026-09-05T00:49:22.586Z"}
{"level":"info","message":"⌛ Building environment","timeElapsed":567,"timestamp":"2026-09-05T00:49:23.209Z"}
{"level":"info","message":"⌛ Validating juego.wpgm","timeElapsed":2106,"timestamp":"2026-09-05T00:49:25.370Z"}
{"level":"info","message":"⌛ Building environment","timeElapsed":762,"timestamp":"2026-09-05T00:49:26.134Z"}
{"level":"info","message":"⌛ Autocomplete - Reference","timeElapsed":106,"timestamp":"2026-09-05T00:49:26.330Z"}
{"level":"info","message":"⌛ Building environment","timeElapsed":602,"timestamp":"2026-09-05T00:49:26.943Z"}
{"level":"info","message":"⌛ Building environment","timeElapsed":972,"timestamp":"2026-09-05T00:49:28.025Z"}
{"level":"info","message":"⌛ Building environment","timeElapsed":2457,"timestamp":"2026-09-05T00:49:30.519Z"}
{"level":"info","message":"⌛ Building environment","timeElapsed":1106,"timestamp":"2026-09-05T00:49:31.630Z"}
{"level":"info","message":"⌛ Autocomplete - Body","timeElapsed":292,"timestamp":"2026-09-05T00:49:32.099Z"}
{"level":"info","message":"⌛ Building environment","timeElapsed":845,"timestamp":"2026-09-05T00:49:32.988Z"}
{"level":"info","message":"⌛ Building environment","timeElapsed":487,"timestamp":"2026-09-05T00:49:33.649Z"}
{"level":"info","message":"⌛ Building environment","timeElapsed":477,"timestamp":"2026-09-05T00:49:34.128Z"}
{"level":"info","message":"⌛ Building environment","timeElapsed":361,"timestamp":"2026-09-05T00:49:34.491Z"}
{"level":"info","message":"⌛ Building environment","timeElapsed":269,"timestamp":"2026-09-05T00:49:34.845Z"}
{"level":"info","message":"⌛ Building environment","timeElapsed":1099,"timestamp":"2026-09-05T00:49:36.164Z"}
{"level":"info","message":"⌛ Building environment","timeElapsed":300,"timestamp":"2026-09-05T00:49:36.484Z"}
{"level":"info","message":"⌛ Building environment","timeElapsed":655,"timestamp":"2026-09-05T00:49:37.224Z"}
{"level":"info","message":"⌛ Validating juego.wpgm","timeElapsed":2139,"timestamp":"2026-09-05T00:49:39.366Z"}
{"level":"info","message":"⌛ Building environment","timeElapsed":661,"timestamp":"2026-09-05T00:49:40.044Z"}
{"level":"info","message":"⌛ Building environment","timeElapsed":743,"timestamp":"2026-09-05T00:49:40.791Z"}
{"level":"info","message":"⌛ Building environment","timeElapsed":391,"timestamp":"2026-09-05T00:49:41.288Z"}
{"level":"info","message":"⌛ Building environment","timeElapsed":455,"timestamp":"2026-09-05T00:49:41.744Z"}
{"level":"info","message":"⌛ Building environment","timeElapsed":348,"timestamp":"2026-09-05T00:49:42.108Z"}
{"level":"info","message":"⌛ Validating juego.wpgm","timeElapsed":1607,"timestamp":"2026-09-05T00:49:43.930Z"}
{"level":"info","message":"⌛ Building environment","timeElapsed":1068,"timestamp":"2026-09-05T00:49:45.024Z"}
{"level":"info","message":"⌛ Validating juego.wpgm","timeElapsed":1011,"timestamp":"2026-09-05T00:49:46.049Z"}
{"level":"info","message":"⌛ Validating juego.wpgm","timeElapsed":684,"timestamp":"2026-09-05T00:49:46.736Z"}
{"level":"info","message":"⌛ Validating juego.wpgm","timeElapsed":735,"timestamp":"2026-09-05T00:49:47.474Z"}
{"level":"info","message":"⌛ Validating juego.wpgm","timeElapsed":843,"timestamp":"2026-09-05T00:49:48.319Z"}
{"level":"info","message":"⌛ Validating juego.wpgm","timeElapsed":659,"timestamp":"2026-09-05T00:49:48.980Z"}
{"level":"info","message":"⌛ Validating juego.wpgm","timeElapsed":1203,"timestamp":"2026-09-05T00:49:50.201Z"}
{"level":"info","message":"⌛ Validating juego.wpgm","timeElapsed":841,"timestamp":"2026-09-05T00:49:51.083Z"}
{"level":"info","message":"⌛ Validating juego.wpgm","timeElapsed":974,"timestamp":"2026-09-05T00:49:52.084Z"}
{"level":"info","message":"⌛ Validating juego.wpgm","timeElapsed":516,"timestamp":"2026-09-05T00:49:52.634Z"}
{"level":"info","message":"⌛ Validating juego.wpgm","timeElapsed":632,"timestamp":"2026-09-05T00:49:53.273Z"}
{"level":"info","message":"⌛ Validating juego.wpgm","timeElapsed":402,"timestamp":"2026-09-05T00:49:53.687Z"}
{"level":"info","message":"⌛ Building environment","timeElapsed":688,"timestamp":"2026-09-05T00:49:54.394Z"}
{"level":"info","message":"⌛ Building environment","timeElapsed":476,"timestamp":"2026-09-05T00:49:54.872Z"}
{"level":"info","message":"⌛ Building environment","timeElapsed":292,"timestamp":"2026-09-05T00:49:55.167Z"}
{"level":"info","message":"⌛ Building environment","timeElapsed":641,"timestamp":"2026-09-05T00:49:55.810Z"}
{"level":"info","message":"⌛ Building environment","timeElapsed":439,"timestamp":"2026-09-05T00:49:56.256Z"}
{"level":"info","message":"⌛ Building environment","timeElapsed":663,"timestamp":"2026-09-05T00:49:57.225Z"}
{"level":"info","message":"⌛ Autocomplete - Body","timeElapsed":1818,"timestamp":"2026-09-05T00:49:59.059Z"}
{"level":"info","message":"⌛ Building environment","timeElapsed":1133,"timestamp":"2026-09-05T00:50:00.207Z"}
{"level":"info","message":"⌛ Building environment","timeElapsed":742,"timestamp":"2026-09-05T00:50:00.954Z"}
{"level":"info","message":"⌛ Validating juego.wpgm","timeElapsed":1168,"timestamp":"2026-09-05T00:50:02.124Z"}
{"level":"info","message":"⌛ Building environment","timeElapsed":516,"timestamp":"2026-09-05T00:50:02.646Z"}
{"level":"info","message":"⌛ Building environment","timeElapsed":578,"timestamp":"2026-09-05T00:50:03.245Z"}
{"level":"info","message":"⌛ Building environment","timeElapsed":557,"timestamp":"2026-09-05T00:50:03.813Z"}
{"level":"info","message":"⌛ Validating juego.wpgm","timeElapsed":673,"timestamp":"2026-09-05T00:50:04.598Z"}
{"level":"info","message":"⌛ Building environment","timeElapsed":430,"timestamp":"2026-09-05T00:50:05.030Z"}
{"level":"info","message":"⌛ Building environment","timeElapsed":335,"timestamp":"2026-09-05T00:50:05.369Z"}
{"level":"info","message":"⌛ Validating juego.wpgm","timeElapsed":3000,"timestamp":"2026-09-05T00:50:08.374Z"}
{"level":"info","message":"⌛ Validating juego.wpgm","timeElapsed":979,"timestamp":"2026-09-05T00:50:09.355Z"}
{"level":"info","message":"⌛ Building environment","timeElapsed":672,"timestamp":"2026-09-05T00:50:10.045Z"}
{"level":"info","message":"⌛ Validating juego.wpgm","timeElapsed":649,"timestamp":"2026-09-05T00:50:10.765Z"}
{"level":"info","message":"⌛ Building environment","timeElapsed":345,"timestamp":"2026-09-05T00:50:11.152Z"}
{"level":"info","message":"⌛ Building environment","timeElapsed":382,"timestamp":"2026-09-05T00:50:11.534Z"}
{"level":"info","message":"⌛ Validating juego.wpgm","timeElapsed":471,"timestamp":"2026-09-05T00:50:12.022Z"}
{"level":"info","message":"⌛ Building environment","timeElapsed":306,"timestamp":"2026-09-05T00:50:12.330Z"}
{"level":"info","message":"⌛ Building environment","timeElapsed":420,"timestamp":"2026-09-05T00:50:12.752Z"}
{"level":"info","message":"⌛ Building environment","timeElapsed":296,"timestamp":"2026-09-05T00:50:13.051Z"}
{"level":"info","message":"⌛ Building environment","timeElapsed":268,"timestamp":"2026-09-05T00:50:13.404Z"}
{"level":"info","message":"⌛ Building environment","timeElapsed":394,"timestamp":"2026-09-05T00:50:13.818Z"}
{"level":"info","message":"⌛ Autocomplete - Reference","timeElapsed":1485,"timestamp":"2026-09-05T00:50:15.453Z"}
{"level":"info","message":"⌛ Building environment","timeElapsed":672,"timestamp":"2026-09-05T00:50:16.165Z"}
{"level":"info","message":"⌛ Autocomplete - Body","timeElapsed":373,"timestamp":"2026-09-05T00:50:16.548Z"}
{"level":"info","message":"⌛ Building environment","timeElapsed":549,"timestamp":"2026-09-05T00:50:17.105Z"}
{"level":"info","message":"⌛ Building environment","timeElapsed":971,"timestamp":"2026-09-05T00:50:18.079Z"}
{"level":"info","message":"⌛ Building environment","timeElapsed":1254,"timestamp":"2026-09-05T00:50:19.472Z"}
{"level":"info","message":"⌛ Building environment","timeElapsed":914,"timestamp":"2026-09-05T00:50:20.388Z"}
{"level":"info","message":"⌛ Building environment","timeElapsed":1092,"timestamp":"2026-09-05T00:50:21.482Z"}
{"level":"info","message":"⌛ Building environment","timeElapsed":1260,"timestamp":"2026-09-05T00:50:22.893Z"}
{"level":"info","message":"⌛ Validating juego.wpgm","timeElapsed":1802,"timestamp":"2026-09-05T00:50:24.735Z"}
{"level":"info","message":"⌛ Validating juego.wpgm","timeElapsed":1862,"timestamp":"2026-09-05T00:50:26.600Z"}
{"level":"info","message":"⌛ Validating juego.wpgm","timeElapsed":1480,"timestamp":"2026-09-05T00:50:28.081Z"}
{"level":"info","message":"⌛ Building environment","timeElapsed":506,"timestamp":"2026-09-05T00:50:28.592Z"}
{"level":"info","message":"⌛ Validating juego.wpgm","timeElapsed":2598,"timestamp":"2026-09-05T00:50:31.875Z"}
{"level":"info","message":"⌛ Building environment","timeElapsed":618,"timestamp":"2026-09-05T00:50:32.495Z"}
{"level":"info","message":"⌛ Building environment","timeElapsed":442,"timestamp":"2026-09-05T00:50:32.942Z"}
{"level":"info","message":"⌛ Validating juego.wpgm","timeElapsed":1663,"timestamp":"2026-09-05T00:50:34.606Z"}
{"level":"info","message":"⌛ Building environment","timeElapsed":482,"timestamp":"2026-09-05T00:50:35.117Z"}
{"level":"info","message":"⌛ Validating juego.wpgm","timeElapsed":896,"timestamp":"2026-09-05T00:50:36.014Z"}
{"level":"info","message":"⌛ Validating juego.wpgm","timeElapsed":1044,"timestamp":"2026-09-05T00:50:37.102Z"}
{"level":"info","message":"⌛ Validating juego.wpgm","timeElapsed":768,"timestamp":"2026-09-05T00:50:37.873Z"}
{"level":"info","message":"⌛ Building environment","timeElapsed":323,"timestamp":"2026-09-05T00:50:38.196Z"}
{"level":"info","message":"⌛ Building environment","timeElapsed":855,"timestamp":"2026-09-05T00:50:39.178Z"}
{"level":"info","message":"⌛ Building environment","timeElapsed":419,"timestamp":"2026-09-05T00:50:39.707Z"}
{"level":"info","message":"⌛ Building environment","timeElapsed":598,"timestamp":"2026-09-05T00:50:40.307Z"}
{"level":"info","message":"⌛ Building environment","timeElapsed":421,"timestamp":"2026-09-05T00:50:40.744Z"}
{"level":"info","message":"⌛ Validating juego.wpgm","timeElapsed":566,"timestamp":"2026-09-05T00:50:41.311Z"}
{"level":"info","message":"⌛ Building environment","timeElapsed":2870,"timestamp":"2026-09-05T00:50:44.189Z"}
{"level":"info","message":"⌛ Building environment","timeElapsed":335,"timestamp":"2026-09-05T00:50:44.525Z"}
{"level":"info","message":"⌛ Autocomplete - Reference","timeElapsed":105,"timestamp":"2026-09-05T00:50:44.654Z"}
{"level":"info","message":"⌛ Building environment","timeElapsed":321,"timestamp":"2026-09-05T00:50:45.070Z"}
{"level":"info","message":"⌛ Validating juego.wpgm","timeElapsed":552,"timestamp":"2026-09-05T00:50:45.623Z"}
{"level":"info","message":"⌛ Building environment","timeElapsed":379,"timestamp":"2026-09-05T00:50:46.004Z"}
{"level":"info","message":"⌛ Building environment","timeElapsed":430,"timestamp":"2026-09-05T00:50:46.459Z"}
{"level":"info","message":"⌛ Validating juego.wpgm","timeElapsed":432,"timestamp":"2026-09-05T00:50:46.962Z"}
{"level":"info","message":"⌛ Validating juego.wpgm","timeElapsed":404,"timestamp":"2026-09-05T00:50:47.379Z"}
{"level":"info","message":"⌛ Validating juego.wpgm","timeElapsed":707,"timestamp":"2026-09-05T00:50:48.098Z"}
{"level":"info","message":"⌛ Building environment","timeElapsed":380,"timestamp":"2026-09-05T00:50:48.521Z"}
{"level":"info","message":"⌛ Building environment","timeElapsed":599,"timestamp":"2026-09-05T00:50:49.125Z"}
{"level":"info","message":"⌛ Building environment","timeElapsed":330,"timestamp":"2026-09-05T00:50:49.457Z"}
{"level":"info","message":"⌛ Building environment","timeElapsed":305,"timestamp":"2026-09-05T00:50:49.868Z"}
{"level":"info","message":"⌛ Building environment","timeElapsed":773,"timestamp":"2026-09-05T00:50:50.652Z"}
{"level":"info","message":"⌛ Building environment","timeElapsed":358,"timestamp":"2026-09-05T00:50:51.013Z"}
{"level":"info","message":"⌛ Building environment","timeElapsed":368,"timestamp":"2026-09-05T00:50:51.506Z"}
{"level":"info","message":"⌛ Building environment","timeElapsed":464,"timestamp":"2026-09-05T00:50:51.971Z"}
{"level":"info","message":"⌛ Building environment","timeElapsed":642,"timestamp":"2026-09-05T00:50:52.720Z"}
{"level":"info","message":"⌛ Validating juego.wpgm","timeElapsed":975,"timestamp":"2026-09-05T00:50:53.971Z"}
{"level":"info","message":"⌛ Validating juego.wpgm","timeElapsed":405,"timestamp":"2026-09-05T00:50:54.376Z"}
{"level":"info","message":"⌛ Validating juego.wpgm","timeElapsed":399,"timestamp":"2026-09-05T00:50:54.777Z"}
{"level":"info","message":"⌛ Validating juego.wpgm","timeElapsed":876,"timestamp":"2026-09-05T00:50:55.656Z"}
{"level":"info","message":"⌛ Validating juego.wpgm","timeElapsed":608,"timestamp":"2026-09-05T00:50:56.265Z"}
{"level":"info","message":"⌛ Validating juego.wpgm","timeElapsed":447,"timestamp":"2026-09-05T00:50:56.714Z"}
{"level":"info","message":"⌛ Validating juego.wpgm","timeElapsed":788,"timestamp":"2026-09-05T00:50:57.510Z"}
{"level":"info","message":"⌛ Validating juego.wpgm","timeElapsed":1651,"timestamp":"2026-09-05T00:50:59.162Z"}
{"level":"info","message":"⌛ Building environment","timeElapsed":2598,"timestamp":"2026-09-05T00:51:01.761Z"}
{"level":"info","message":"⌛ Validating juego.wpgm","timeElapsed":2121,"timestamp":"2026-09-05T00:51:03.885Z"}
{"level":"info","message":"⌛ Building environment","timeElapsed":501,"timestamp":"2026-09-05T00:51:04.386Z"}
{"level":"info","message":"⌛ Building environment","timeElapsed":292,"timestamp":"2026-09-05T00:51:04.681Z"}
{"level":"info","message":"⌛ Building environment","timeElapsed":925,"timestamp":"2026-09-05T00:51:05.618Z"}
{"level":"info","message":"⌛ Autocomplete - Reference","timeElapsed":272,"timestamp":"2026-09-05T00:51:05.921Z"}
{"level":"info","message":"⌛ Building environment","timeElapsed":934,"timestamp":"2026-09-05T00:51:06.860Z"}
{"level":"info","message":"⌛ Validating juego.wpgm","timeElapsed":1314,"timestamp":"2026-09-05T00:51:08.179Z"}
{"level":"info","message":"⌛ Building environment","timeElapsed":265,"timestamp":"2026-09-05T00:51:08.445Z"}
{"level":"info","message":"⌛ Building environment","timeElapsed":578,"timestamp":"2026-09-05T00:51:09.025Z"}
{"level":"info","message":"⌛ Building environment","timeElapsed":630,"timestamp":"2026-09-05T00:51:09.661Z"}
{"level":"info","message":"⌛ Building environment","timeElapsed":577,"timestamp":"2026-09-05T00:51:10.360Z"}
{"level":"info","message":"⌛ Building environment","timeElapsed":2816,"timestamp":"2026-09-05T00:51:13.190Z"}
{"level":"info","message":"⌛ Building environment","timeElapsed":372,"timestamp":"2026-09-05T00:51:13.580Z"}
{"level":"info","message":"⌛ Building environment","timeElapsed":619,"timestamp":"2026-09-05T00:51:14.202Z"}
{"level":"info","message":"⌛ Validating juego.wpgm","timeElapsed":1443,"timestamp":"2026-09-05T00:51:15.645Z"}
{"level":"info","message":"⌛ Building environment","timeElapsed":1273,"timestamp":"2026-09-05T00:51:16.922Z"}
{"level":"info","message":"⌛ Building environment","timeElapsed":374,"timestamp":"2026-09-05T00:51:17.299Z"}
{"level":"info","message":"⌛ Building environment","timeElapsed":713,"timestamp":"2026-09-05T00:51:18.014Z"}
{"level":"info","message":"⌛ Building environment","timeElapsed":594,"timestamp":"2026-09-05T00:51:18.611Z"}
{"level":"info","message":"⌛ Building environment","timeElapsed":258,"timestamp":"2026-09-05T00:51:18.988Z"}
{"level":"info","message":"⌛ Building environment","timeElapsed":1387,"timestamp":"2026-09-05T00:51:20.379Z"}
{"level":"info","message":"⌛ Building environment","timeElapsed":874,"timestamp":"2026-09-05T00:51:21.257Z"}
{"level":"info","message":"⌛ Building environment","timeElapsed":1190,"timestamp":"2026-09-05T00:51:22.678Z"}
{"level":"info","message":"⌛ Validating juego.wpgm","timeElapsed":906,"timestamp":"2026-09-05T00:51:23.591Z"}
{"level":"info","message":"⌛ Building environment","timeElapsed":406,"timestamp":"2026-09-05T00:51:24.016Z"}
{"level":"info","message":"⌛ Validating juego.wpgm","timeElapsed":544,"timestamp":"2026-09-05T00:51:24.666Z"}
{"level":"info","message":"⌛ Building environment","timeElapsed":252,"timestamp":"2026-09-05T00:51:24.920Z"}
{"level":"info","message":"⌛ Building environment","timeElapsed":856,"timestamp":"2026-09-05T00:51:25.839Z"}
{"level":"info","message":"⌛ Building environment","timeElapsed":652,"timestamp":"2026-09-05T00:51:26.499Z"}
{"level":"info","message":"⌛ Validating juego.wpgm","timeElapsed":1560,"timestamp":"2026-09-05T00:51:28.081Z"}
{"level":"info","message":"⌛ Building environment","timeElapsed":425,"timestamp":"2026-09-05T00:51:28.523Z"}
{"level":"info","message":"⌛ Validating juego.wpgm","timeElapsed":695,"timestamp":"2026-09-05T00:51:29.227Z"}
{"level":"info","message":"⌛ Autocomplete - Body","timeElapsed":116,"timestamp":"2026-09-05T00:51:29.436Z"}
{"level":"info","message":"⌛ Autocomplete - Body","timeElapsed":109,"timestamp":"2026-09-05T00:51:29.548Z"}
{"level":"info","message":"⌛ Building environment","timeElapsed":446,"timestamp":"2026-09-05T00:51:30.487Z"}
{"level":"info","message":"⌛ Validating juego.wpgm","timeElapsed":617,"timestamp":"2026-09-05T00:51:31.151Z"}
{"level":"info","message":"⌛ Validating juego.wpgm","timeElapsed":384,"timestamp":"2026-09-05T00:51:31.537Z"}
{"level":"info","message":"⌛ Validating juego.wpgm","timeElapsed":613,"timestamp":"2026-09-05T00:51:32.151Z"}
{"level":"info","message":"⌛ Building environment","timeElapsed":837,"timestamp":"2026-09-05T00:51:32.991Z"}
{"level":"info","message":"⌛ Building environment","timeElapsed":491,"timestamp":"2026-09-05T00:51:33.485Z"}
{"level":"info","message":"⌛ Validating juego.wpgm","timeElapsed":943,"timestamp":"2026-09-05T00:51:34.435Z"}
{"level":"info","message":"Removing diagnostics from /home/victoria/gamewlk-0/antartida.jpg","timestamp":"2026-09-05T00:51:34.436Z"}
{"level":"info","message":"⌛ Validating juego.wpgm","timeElapsed":431,"timestamp":"2026-09-05T00:51:34.883Z"}
{"level":"info","message":"⌛ Validating juego.wpgm","timeElapsed":467,"timestamp":"2026-09-05T00:51:35.351Z"}
{"level":"info","message":"⌛ Validating juego.wpgm","timeElapsed":510,"timestamp":"2026-09-05T00:51:35.861Z"}
{"level":"info","message":"⌛ Validating juego.wpgm","timeElapsed":469,"timestamp":"2026-09-05T00:51:36.332Z"}
{"level":"info","message":"⌛ Validating juego.wpgm","timeElapsed":476,"timestamp":"2026-09-05T00:51:36.809Z"}
{"level":"info","message":"⌛ Validating juego.wpgm","timeElapsed":477,"timestamp":"2026-09-05T00:51:37.291Z"}
{"level":"info","message":"⌛ Validating juego.wpgm","timeElapsed":431,"timestamp":"2026-09-05T00:51:37.745Z"}
{"level":"info","message":"⌛ Validating juego.wpgm","timeElapsed":555,"timestamp":"2026-09-05T00:51:38.322Z"}
{"level":"info","message":"⌛ Validating juego.wpgm","timeElapsed":420,"timestamp":"2026-09-05T00:51:39.065Z"}
{"level":"info","message":"⌛ Validating juego.wpgm","timeElapsed":391,"timestamp":"2026-09-05T00:51:39.457Z"}
{"level":"info","message":"⌛ Validating juego.wpgm","timeElapsed":875,"timestamp":"2026-09-05T00:51:40.349Z"}
{"level":"info","message":"⌛ Validating juego.wpgm","timeElapsed":522,"timestamp":"2026-09-05T00:51:40.903Z"}
{"level":"info","message":"⌛ Validating juego.wpgm","timeElapsed":532,"timestamp":"2026-09-05T00:51:41.469Z"}
{"level":"info","message":"⌛ Validating juego.wpgm","timeElapsed":517,"timestamp":"2026-09-05T00:51:42.021Z"}
{"level":"info","message":"⌛ Validating juego.wpgm","timeElapsed":1614,"timestamp":"2026-09-05T00:51:43.643Z"}
{"level":"info","message":"⌛ Validating juego.wpgm","timeElapsed":430,"timestamp":"2026-09-05T00:51:44.074Z"}
{"level":"info","message":"⌛ Validating juego.wpgm","timeElapsed":763,"timestamp":"2026-09-05T00:51:44.838Z"}
{"level":"info","message":"⌛ Validating juego.wpgm","timeElapsed":788,"timestamp":"2026-09-05T00:51:45.631Z"}
{"level":"info","message":"⌛ Validating juego.wpgm","timeElapsed":546,"timestamp":"2026-09-05T00:51:46.178Z"}
{"level":"info","message":"⌛ Building environment","timeElapsed":1060,"timestamp":"2026-09-05T00:51:47.244Z"}
{"level":"info","message":"⌛ Building environment","timeElapsed":311,"timestamp":"2026-09-05T00:51:47.600Z"}
{"level":"info","message":"⌛ Building environment","timeElapsed":598,"timestamp":"2026-09-05T00:51:48.214Z"}
{"level":"info","message":"⌛ Building environment","timeElapsed":607,"timestamp":"2026-09-05T00:51:48.830Z"}
{"level":"info","message":"⌛ Building environment","timeElapsed":267,"timestamp":"2026-09-05T00:51:49.212Z"}
{"level":"info","message":"⌛ Building environment","timeElapsed":404,"timestamp":"2026-09-05T00:51:49.616Z"}
{"level":"info","message":"⌛ Building environment","timeElapsed":396,"timestamp":"2026-09-05T00:51:50.014Z"}
{"level":"info","message":"⌛ Building environment","timeElapsed":398,"timestamp":"2026-09-05T00:51:50.612Z"}
{"level":"info","message":"⌛ Building environment","timeElapsed":405,"timestamp":"2026-09-05T00:51:51.115Z"}
{"level":"info","message":"⌛ Building environment","timeElapsed":695,"timestamp":"2026-09-05T00:51:51.839Z"}
{"level":"info","message":"⌛ Validating juego.wpgm","timeElapsed":595,"timestamp":"2026-09-05T00:51:52.459Z"}
{"level":"info","message":"⌛ Validating juego.wpgm","timeElapsed":1738,"timestamp":"2026-09-05T00:51:54.288Z"}
{"level":"info","message":"⌛ Validating juego.wpgm","timeElapsed":990,"timestamp":"2026-09-05T00:51:55.281Z"}
{"level":"info","message":"⌛ Validating juego.wpgm","timeElapsed":961,"timestamp":"2026-09-05T00:51:56.245Z"}
{"level":"info","message":"⌛ Validating juego.wpgm","timeElapsed":1833,"timestamp":"2026-09-05T00:51:58.084Z"}
{"level":"info","message":"⌛ Building environment","timeElapsed":834,"timestamp":"2026-09-05T00:51:58.932Z"}
{"level":"info","message":"⌛ Autocomplete - Reference","timeElapsed":111,"timestamp":"2026-09-05T00:51:59.340Z"}
{"level":"info","message":"⌛ Building environment","timeElapsed":2207,"timestamp":"2026-09-05T00:52:01.551Z"}
{"level":"info","message":"⌛ Building environment","timeElapsed":890,"timestamp":"2026-09-05T00:52:02.451Z"}
{"level":"info","message":"⌛ Building environment","timeElapsed":1148,"timestamp":"2026-09-05T00:52:03.628Z"}
{"level":"info","message":"⌛ Building environment","timeElapsed":462,"timestamp":"2026-09-05T00:52:04.093Z"}
{"level":"info","message":"⌛ Building environment","timeElapsed":351,"timestamp":"2026-09-05T00:52:04.448Z"}
{"level":"info","message":"⌛ Building environment","timeElapsed":399,"timestamp":"2026-09-05T00:52:04.849Z"}
{"level":"info","message":"⌛ Validating juego.wpgm","timeElapsed":999,"timestamp":"2026-09-05T00:52:05.855Z"}
{"level":"info","message":"⌛ Building environment","timeElapsed":422,"timestamp":"2026-09-05T00:52:06.279Z"}
{"level":"info","message":"⌛ Building environment","timeElapsed":465,"timestamp":"2026-09-05T00:52:06.747Z"}
{"level":"info","message":"⌛ Building environment","timeElapsed":352,"timestamp":"2026-09-05T00:52:07.101Z"}
{"level":"info","message":"⌛ Building environment","timeElapsed":881,"timestamp":"2026-09-05T00:52:08.125Z"}
{"level":"info","message":"⌛ Validating juego.wpgm","timeElapsed":1309,"timestamp":"2026-09-05T00:52:09.435Z"}
{"level":"info","message":"⌛ Building environment","timeElapsed":2141,"timestamp":"2026-09-05T00:52:11.622Z"}
{"level":"info","message":"⌛ Building environment","timeElapsed":542,"timestamp":"2026-09-05T00:52:12.168Z"}
{"level":"info","message":"⌛ Validating juego.wpgm","timeElapsed":1108,"timestamp":"2026-09-05T00:52:13.459Z"}
{"level":"info","message":"⌛ Building environment","timeElapsed":518,"timestamp":"2026-09-05T00:52:13.990Z"}
{"level":"info","message":"⌛ Validating juego.wpgm","timeElapsed":631,"timestamp":"2026-09-05T00:52:14.621Z"}
{"level":"info","message":"⌛ Building environment","timeElapsed":496,"timestamp":"2026-09-05T00:52:15.118Z"}
{"level":"info","message":"⌛ Building environment","timeElapsed":379,"timestamp":"2026-09-05T00:52:15.500Z"}
{"level":"info","message":"⌛ Building environment","timeElapsed":278,"timestamp":"2026-09-05T00:52:15.844Z"}
{"level":"info","message":"⌛ Building environment","timeElapsed":401,"timestamp":"2026-09-05T00:52:16.248Z"}
{"level":"info","message":"⌛ Building environment","timeElapsed":362,"timestamp":"2026-09-05T00:52:16.612Z"}
{"level":"info","message":"⌛ Building environment","timeElapsed":259,"timestamp":"2026-09-05T00:52:16.977Z"}
{"level":"info","message":"⌛ Building environment","timeElapsed":511,"timestamp":"2026-09-05T00:52:17.495Z"}
{"level":"info","message":"⌛ Validating juego.wpgm","timeElapsed":1400,"timestamp":"2026-09-05T00:52:18.912Z"}
{"level":"info","message":"⌛ Validating juego.wpgm","timeElapsed":649,"timestamp":"2026-09-05T00:52:19.564Z"}
{"level":"info","message":"⌛ Validating juego.wpgm","timeElapsed":595,"timestamp":"2026-09-05T00:52:20.160Z"}
{"level":"info","message":"⌛ Validating juego.wpgm","timeElapsed":595,"timestamp":"2026-09-05T00:52:20.757Z"}
{"level":"info","message":"⌛ Validating juego.wpgm","timeElapsed":607,"timestamp":"2026-09-05T00:52:21.365Z"}
{"level":"info","message":"⌛ Validating juego.wpgm","timeElapsed":768,"timestamp":"2026-09-05T00:52:22.158Z"}
{"level":"info","message":"⌛ Validating juego.wpgm","timeElapsed":539,"timestamp":"2026-09-05T00:52:22.730Z"}
{"level":"info","message":"⌛ Validating juego.wpgm","timeElapsed":4063,"timestamp":"2026-09-05T00:52:26.840Z"}
{"level":"info","message":"⌛ Validating juego.wpgm","timeElapsed":849,"timestamp":"2026-09-05T00:52:27.691Z"}
{"level":"info","message":"⌛ Validating juego.wpgm","timeElapsed":680,"timestamp":"2026-09-05T00:52:28.382Z"}
{"level":"info","message":"⌛ Validating juego.wpgm","timeElapsed":451,"timestamp":"2026-09-05T00:52:28.836Z"}
{"level":"info","message":"⌛ Validating juego.wpgm","timeElapsed":691,"timestamp":"2026-09-05T00:52:29.530Z"}
{"level":"info","message":"⌛ Validating juego.wpgm","timeElapsed":691,"timestamp":"2026-09-05T00:52:30.237Z"}
{"level":"info","message":"⌛ Validating juego.wpgm","timeElapsed":537,"timestamp":"2026-09-05T00:52:30.792Z"}
{"level":"info","message":"⌛ Validating juego.wpgm","timeElapsed":457,"timestamp":"2026-09-05T00:52:31.264Z"}
{"level":"info","message":"⌛ Validating juego.wpgm","timeElapsed":387,"timestamp":"2026-09-05T00:52:31.665Z"}
{"level":"info","message":"⌛ Validating juego.wpgm","timeElapsed":683,"timestamp":"2026-09-05T00:52:32.366Z"}
{"level":"info","message":"⌛ Validating juego.wpgm","timeElapsed":580,"timestamp":"2026-09-05T00:52:33.041Z"}
{"level":"info","message":"⌛ Validating juego.wpgm","timeElapsed":362,"timestamp":"2026-09-05T00:52:33.414Z"}
{"level":"info","message":"⌛ Validating juego.wpgm","timeElapsed":402,"timestamp":"2026-09-05T00:52:33.829Z"}
{"level":"info","message":"⌛ Validating juego.wpgm","timeElapsed":385,"timestamp":"2026-09-05T00:52:34.225Z"}
{"level":"info","message":"⌛ Validating juego.wpgm","timeElapsed":366,"timestamp":"2026-09-05T00:52:34.604Z"}
{"level":"info","message":"⌛ Validating juego.wpgm","timeElapsed":377,"timestamp":"2026-09-05T00:52:34.993Z"}
{"level":"info","message":"⌛ Validating juego.wpgm","timeElapsed":380,"timestamp":"2026-09-05T00:52:35.382Z"}
{"level":"info","message":"⌛ Validating juego.wpgm","timeElapsed":464,"timestamp":"2026-09-05T00:52:35.855Z"}
{"level":"info","message":"⌛ Validating juego.wpgm","timeElapsed":569,"timestamp":"2026-09-05T00:52:36.442Z"}
{"level":"info","message":"⌛ Validating juego.wpgm","timeElapsed":446,"timestamp":"2026-09-05T00:52:36.909Z"}
{"level":"info","message":"⌛ Building environment","timeElapsed":1529,"timestamp":"2026-09-05T00:52:38.453Z"}
{"level":"info","message":"⌛ Building environment","timeElapsed":406,"timestamp":"2026-09-05T00:52:38.861Z"}
{"level":"info","message":"⌛ Building environment","timeElapsed":280,"timestamp":"2026-09-05T00:52:39.142Z"}
{"level":"info","message":"⌛ Building environment","timeElapsed":296,"timestamp":"2026-09-05T00:52:39.527Z"}
{"level":"info","message":"⌛ Building environment","timeElapsed":1711,"timestamp":"2026-09-05T00:52:41.415Z"}
{"level":"info","message":"⌛ Validating juego.wpgm","timeElapsed":546,"timestamp":"2026-09-05T00:52:41.961Z"}
{"level":"info","message":"⌛ Building environment","timeElapsed":311,"timestamp":"2026-09-05T00:52:42.285Z"}
{"level":"error","message":"✘ Failed to rebuild document Failed to parse juego.wpgm: \n-- PARSING FAILED --------------------------------------------------\n\nGot the end of the input\n\nExpected one of the following: \n\n' ', '!=', '!==', '%', '&&', '*', '**', '+', '-', '->', '.', '..', '..<', '/', ';', '<', '<<', '<<<', '<=', '<=>', '<>', '==', '===', '>', '>..', '>=', '>>', '>>>', '?:', 'and', 'or', '{', '||', '}', /\\s/, any character/byte, comment, sentence, whitespace\n","stack":"Error: Failed to parse juego.wpgm: \n-- PARSING FAILED --------------------------------------------------\n\nGot the end of the input\n\nExpected one of the following: \n\n' ', '!=', '!==', '%', '&&', '*', '**', '+', '-', '->', '.', '..', '..<', '/', ';', '<', '<<', '<<<', '<=', '<=>', '<>', '==', '===', '>', '>..', '>=', '>>', '>>>', '?:', 'and', 'or', '{', '||', '}', /\\s/, any character/byte, comment, sentence, whitespace\n\n    at /home/victoria/.vscode/extensions/uqbar.wollok-lsp-ide-0.5.5/out/server/src/server.js:2385:13026\n    at Array.map (<anonymous>)\n    at z1n (/home/victoria/.vscode/extensions/uqbar.wollok-lsp-ide-0.5.5/out/server/src/server.js:2385:12950)\n    at H2.buildEnvironmentFrom (/home/victoria/.vscode/extensions/uqbar.wollok-lsp-ide-0.5.5/out/server/src/server.js:2430:5254)\n    at H2.updateEnvironmentWith (/home/victoria/.vscode/extensions/uqbar.wollok-lsp-ide-0.5.5/out/server/src/server.js:2430:4989)\n    at QF (/home/victoria/.vscode/extensions/uqbar.wollok-lsp-ide-0.5.5/out/server/src/server.js:2430:7383)\n    at V3.invoke (/home/victoria/.vscode/extensions/uqbar.wollok-lsp-ide-0.5.5/out/server/src/server.js:3:157330)\n    at o.fire (/home/victoria/.vscode/extensions/uqbar.wollok-lsp-ide-0.5.5/out/server/src/server.js:3:158100)\n    at /home/victoria/.vscode/extensions/uqbar.wollok-lsp-ide-0.5.5/out/server/src/server.js:37:57871\n    at nd (/home/victoria/.vscode/extensions/uqbar.wollok-lsp-ide-0.5.5/out/server/src/server.js:8:1561)","timestamp":"2026-09-05T00:52:42.372Z"}
{"level":"info","message":"⌛ Validating juego.wpgm","timeElapsed":503,"timestamp":"2026-09-05T00:52:42.878Z"}
{"level":"info","message":"⌛ Validating juego.wpgm","timeElapsed":427,"timestamp":"2026-09-05T00:52:43.305Z"}
{"level":"info","message":"⌛ Validating juego.wpgm","timeElapsed":382,"timestamp":"2026-09-05T00:52:43.687Z"}
{"level":"info","message":"⌛ Validating juego.wpgm","timeElapsed":419,"timestamp":"2026-09-05T00:52:44.118Z"}
{"level":"info","message":"⌛ Validating juego.wpgm","timeElapsed":530,"timestamp":"2026-09-05T00:52:44.678Z"}
{"level":"info","message":"⌛ Validating juego.wpgm","timeElapsed":385,"timestamp":"2026-09-05T00:52:45.081Z"}
{"level":"info","message":"⌛ Validating juego.wpgm","timeElapsed":501,"timestamp":"2026-09-05T00:52:45.596Z"}
{"level":"info","message":"⌛ Validating juego.wpgm","timeElapsed":615,"timestamp":"2026-09-05T00:52:46.230Z"}
{"level":"error","message":"✘ Failed to rebuild document Failed to parse juego.wpgm: \n-- PARSING FAILED --------------------------------------------------\n\nGot the end of the input\n\nExpected one of the following: \n\n' ', '!=', '!==', '%', '&&', '*', '**', '+', '-', '->', '.', '..', '..<', '/', ';', '<', '<<', '<<<', '<=', '<=>', '<>', '==', '===', '>', '>..', '>=', '>>', '>>>', '?:', 'and', 'or', '{', '||', '}', /\\s/, any character/byte, comment, sentence, whitespace\n","stack":"Error: Failed to parse juego.wpgm: \n-- PARSING FAILED --------------------------------------------------\n\nGot the end of the input\n\nExpected one of the following: \n\n' ', '!=', '!==', '%', '&&', '*', '**', '+', '-', '->', '.', '..', '..<', '/', ';', '<', '<<', '<<<', '<=', '<=>', '<>', '==', '===', '>', '>..', '>=', '>>', '>>>', '?:', 'and', 'or', '{', '||', '}', /\\s/, any character/byte, comment, sentence, whitespace\n\n    at /home/victoria/.vscode/extensions/uqbar.wollok-lsp-ide-0.5.5/out/server/src/server.js:2385:13026\n    at Array.map (<anonymous>)\n    at z1n (/home/victoria/.vscode/extensions/uqbar.wollok-lsp-ide-0.5.5/out/server/src/server.js:2385:12950)\n    at H2.buildEnvironmentFrom (/home/victoria/.vscode/extensions/uqbar.wollok-lsp-ide-0.5.5/out/server/src/server.js:2430:5254)\n    at H2.updateEnvironmentWith (/home/victoria/.vscode/extensions/uqbar.wollok-lsp-ide-0.5.5/out/server/src/server.js:2430:4989)\n    at QF (/home/victoria/.vscode/extensions/uqbar.wollok-lsp-ide-0.5.5/out/server/src/server.js:2430:7383)\n    at V3.invoke (/home/victoria/.vscode/extensions/uqbar.wollok-lsp-ide-0.5.5/out/server/src/server.js:3:157330)\n    at o.fire (/home/victoria/.vscode/extensions/uqbar.wollok-lsp-ide-0.5.5/out/server/src/server.js:3:158100)\n    at /home/victoria/.vscode/extensions/uqbar.wollok-lsp-ide-0.5.5/out/server/src/server.js:37:57871\n    at nd (/home/victoria/.vscode/extensions/uqbar.wollok-lsp-ide-0.5.5/out/server/src/server.js:8:1561)","timestamp":"2026-09-05T00:52:46.270Z"}
{"level":"info","message":"⌛ Validating juego.wpgm","timeElapsed":471,"timestamp":"2026-09-05T00:52:46.742Z"}
{"level":"info","message":"⌛ Building environment","timeElapsed":408,"timestamp":"2026-09-05T00:52:47.169Z"}
{"level":"info","message":"⌛ Validating juego.wpgm","timeElapsed":506,"timestamp":"2026-09-05T00:52:47.709Z"}
{"level":"info","message":"⌛ Building environment","timeElapsed":1742,"timestamp":"2026-09-05T00:52:49.485Z"}
{"level":"info","message":"⌛ Building environment","timeElapsed":561,"timestamp":"2026-09-05T00:52:50.052Z"}
{"level":"info","message":"⌛ Building environment","timeElapsed":417,"timestamp":"2026-09-05T00:52:50.574Z"}
{"level":"info","message":"⌛ Validating juego.wpgm","timeElapsed":469,"timestamp":"2026-09-05T00:52:51.185Z"}
{"level":"info","message":"⌛ Validating juego.wpgm","timeElapsed":472,"timestamp":"2026-09-05T00:52:51.658Z"}
{"level":"info","message":"⌛ Validating juego.wpgm","timeElapsed":527,"timestamp":"2026-09-05T00:52:52.218Z"}
{"level":"info","message":"⌛ Validating juego.wpgm","timeElapsed":423,"timestamp":"2026-09-05T00:52:52.652Z"}
{"level":"info","message":"⌛ Validating juego.wpgm","timeElapsed":620,"timestamp":"2026-09-05T00:52:53.299Z"}
{"level":"info","message":"⌛ Validating juego.wpgm","timeElapsed":394,"timestamp":"2026-09-05T00:52:53.708Z"}
{"level":"info","message":"⌛ Validating juego.wpgm","timeElapsed":460,"timestamp":"2026-09-05T00:52:54.183Z"}
{"level":"info","message":"⌛ Validating juego.wpgm","timeElapsed":432,"timestamp":"2026-09-05T00:52:54.638Z"}
{"level":"info","message":"⌛ Validating juego.wpgm","timeElapsed":820,"timestamp":"2026-09-05T00:52:55.466Z"}
{"level":"info","message":"⌛ Building environment","timeElapsed":515,"timestamp":"2026-09-05T00:52:56.004Z"}
{"level":"info","message":"⌛ Validating juego.wpgm","timeElapsed":463,"timestamp":"2026-09-05T00:52:56.467Z"}
{"level":"info","message":"⌛ Building environment","timeElapsed":359,"timestamp":"2026-09-05T00:52:56.841Z"}
{"level":"info","message":"⌛ Building environment","timeElapsed":499,"timestamp":"2026-09-05T00:52:57.345Z"}
{"level":"info","message":"⌛ Autocomplete - Reference","timeElapsed":153,"timestamp":"2026-09-05T00:52:57.593Z"}
{"level":"info","message":"⌛ Building environment","timeElapsed":514,"timestamp":"2026-09-05T00:52:58.114Z"}
{"level":"info","message":"⌛ Building environment","timeElapsed":544,"timestamp":"2026-09-05T00:52:58.766Z"}
{"level":"info","message":"⌛ Building environment","timeElapsed":1041,"timestamp":"2026-09-05T00:52:59.819Z"}
{"level":"info","message":"⌛ Building environment","timeElapsed":591,"timestamp":"2026-09-05T00:53:00.411Z"}
{"level":"info","message":"⌛ Autocomplete - Body","timeElapsed":750,"timestamp":"2026-09-05T00:53:01.203Z"}
{"level":"info","message":"⌛ Building environment","timeElapsed":2987,"timestamp":"2026-09-05T00:53:04.199Z"}
{"level":"info","message":"⌛ Building environment","timeElapsed":1134,"timestamp":"2026-09-05T00:53:05.345Z"}
{"level":"info","message":"⌛ Building environment","timeElapsed":1113,"timestamp":"2026-09-05T00:53:06.461Z"}
{"level":"info","message":"⌛ Building environment","timeElapsed":406,"timestamp":"2026-09-05T00:53:07.071Z"}
{"level":"info","message":"⌛ Building environment","timeElapsed":577,"timestamp":"2026-09-05T00:53:07.652Z"}
{"level":"info","message":"⌛ Building environment","timeElapsed":360,"timestamp":"2026-09-05T00:53:08.066Z"}
{"level":"info","message":"⌛ Building environment","timeElapsed":338,"timestamp":"2026-09-05T00:53:08.408Z"}
{"level":"info","message":"⌛ Building environment","timeElapsed":357,"timestamp":"2026-09-05T00:53:08.766Z"}
{"level":"info","message":"⌛ Building environment","timeElapsed":344,"timestamp":"2026-09-05T00:53:09.129Z"}
{"level":"info","message":"⌛ Validating juego.wpgm","timeElapsed":782,"timestamp":"2026-09-05T00:53:09.924Z"}
{"level":"info","message":"⌛ Validating juego.wpgm","timeElapsed":1536,"timestamp":"2026-09-05T00:53:11.477Z"}
{"level":"info","message":"⌛ Validating juego.wpgm","timeElapsed":796,"timestamp":"2026-09-05T00:53:12.281Z"}
{"level":"info","message":"⌛ Validating juego.wpgm","timeElapsed":587,"timestamp":"2026-09-05T00:53:12.868Z"}
{"level":"info","message":"⌛ Validating juego.wpgm","timeElapsed":523,"timestamp":"2026-09-05T00:53:13.391Z"}
{"level":"info","message":"⌛ Validating juego.wpgm","timeElapsed":628,"timestamp":"2026-09-05T00:53:14.020Z"}
{"level":"info","message":"⌛ Validating juego.wpgm","timeElapsed":744,"timestamp":"2026-09-05T00:53:14.764Z"}
{"level":"info","message":"⌛ Validating juego.wpgm","timeElapsed":499,"timestamp":"2026-09-05T00:53:15.264Z"}
{"level":"info","message":"⌛ Validating juego.wpgm","timeElapsed":556,"timestamp":"2026-09-05T00:53:15.821Z"}
{"level":"info","message":"⌛ Validating juego.wpgm","timeElapsed":513,"timestamp":"2026-09-05T00:53:16.335Z"}
{"level":"info","message":"⌛ Validating juego.wpgm","timeElapsed":556,"timestamp":"2026-09-05T00:53:16.893Z"}
{"level":"info","message":"⌛ Validating juego.wpgm","timeElapsed":543,"timestamp":"2026-09-05T00:53:17.470Z"}
{"level":"info","message":"⌛ Validating juego.wpgm","timeElapsed":813,"timestamp":"2026-09-05T00:53:18.319Z"}
{"level":"info","message":"⌛ Validating juego.wpgm","timeElapsed":527,"timestamp":"2026-09-05T00:53:18.871Z"}
{"level":"info","message":"⌛ Validating juego.wpgm","timeElapsed":480,"timestamp":"2026-09-05T00:53:19.375Z"}
{"level":"info","message":"⌛ Validating juego.wpgm","timeElapsed":615,"timestamp":"2026-09-05T00:53:20.015Z"}
{"level":"info","message":"⌛ Validating juego.wpgm","timeElapsed":1801,"timestamp":"2026-09-05T00:53:21.823Z"}
{"level":"info","message":"⌛ Validating juego.wpgm","timeElapsed":658,"timestamp":"2026-09-05T00:53:22.481Z"}
{"level":"info","message":"⌛ Validating juego.wpgm","timeElapsed":539,"timestamp":"2026-09-05T00:53:23.024Z"}
{"level":"info","message":"⌛ Validating juego.wpgm","timeElapsed":760,"timestamp":"2026-09-05T00:53:23.796Z"}
{"level":"info","message":"⌛ Validating juego.wpgm","timeElapsed":743,"timestamp":"2026-09-05T00:53:24.542Z"}
{"level":"info","message":"⌛ Validating juego.wpgm","timeElapsed":834,"timestamp":"2026-09-05T00:53:25.381Z"}
{"level":"info","message":"⌛ Validating juego.wpgm","timeElapsed":938,"timestamp":"2026-09-05T00:53:26.323Z"}
{"level":"info","message":"⌛ Validating juego.wpgm","timeElapsed":629,"timestamp":"2026-09-05T00:53:26.956Z"}
{"level":"info","message":"⌛ Validating juego.wpgm","timeElapsed":714,"timestamp":"2026-09-05T00:53:27.671Z"}
{"level":"info","message":"⌛ Validating juego.wpgm","timeElapsed":1396,"timestamp":"2026-09-05T00:53:29.081Z"}
{"level":"info","message":"⌛ Building environment","timeElapsed":939,"timestamp":"2026-09-05T00:54:01.133Z"}
{"level":"error","message":"✘ Completions for node Send ([13:34, 13:46] - juego.wpgm) failed: Error: [Send]{3f6563} at juego.wpgm:13 exhausted all cases without a match [Send]{3f6563} at juego.wpgm:13 exhausted all cases without a match","stack":"Error: [Send]{3f6563} at juego.wpgm:13 exhausted all cases without a match\n    at /home/victoria/.vscode/extensions/uqbar.wollok-lsp-ide-0.5.5/out/server/src/server.js:38:6142\n    at L2 (/home/victoria/.vscode/extensions/uqbar.wollok-lsp-ide-0.5.5/out/server/src/server.js:2421:42)\n    at Jh (/home/victoria/.vscode/extensions/uqbar.wollok-lsp-ide-0.5.5/out/server/src/server.js:2421:1092)\n    at w5n (/home/victoria/.vscode/extensions/uqbar.wollok-lsp-ide-0.5.5/out/server/src/server.js:2421:1248)\n    at /home/victoria/.vscode/extensions/uqbar.wollok-lsp-ide-0.5.5/out/server/src/server.js:38:6131\n    at L2 (/home/victoria/.vscode/extensions/uqbar.wollok-lsp-ide-0.5.5/out/server/src/server.js:2421:42)\n    at /home/victoria/.vscode/extensions/uqbar.wollok-lsp-ide-0.5.5/out/server/src/server.js:2421:2988\n    at /home/victoria/.vscode/extensions/uqbar.wollok-lsp-ide-0.5.5/out/server/src/server.js:2430:8440\n    at /home/victoria/.vscode/extensions/uqbar.wollok-lsp-ide-0.5.5/out/server/src/server.js:37:74872\n    at Ke (/home/victoria/.vscode/extensions/uqbar.wollok-lsp-ide-0.5.5/out/server/src/server.js:7:8527)","timestamp":"2026-09-05T00:54:01.556Z"}
{"level":"error","message":"✘ Completions for node Return (undefined - juego.wpgm) failed: Error: [Return]{a583ec} at juego.wpgm:-- exhausted all cases without a match [Return]{a583ec} at juego.wpgm:-- exhausted all cases without a match","stack":"Error: [Return]{a583ec} at juego.wpgm:-- exhausted all cases without a match\n    at /home/victoria/.vscode/extensions/uqbar.wollok-lsp-ide-0.5.5/out/server/src/server.js:38:6142\n    at L2 (/home/victoria/.vscode/extensions/uqbar.wollok-lsp-ide-0.5.5/out/server/src/server.js:2421:42)\n    at Jh (/home/victoria/.vscode/extensions/uqbar.wollok-lsp-ide-0.5.5/out/server/src/server.js:2421:1092)\n    at L2 (/home/victoria/.vscode/extensions/uqbar.wollok-lsp-ide-0.5.5/out/server/src/server.js:2421:544)\n    at Jh (/home/victoria/.vscode/extensions/uqbar.wollok-lsp-ide-0.5.5/out/server/src/server.js:2421:1092)\n    at w5n (/home/victoria/.vscode/extensions/uqbar.wollok-lsp-ide-0.5.5/out/server/src/server.js:2421:1248)\n    at /home/victoria/.vscode/extensions/uqbar.wollok-lsp-ide-0.5.5/out/server/src/server.js:38:6131\n    at L2 (/home/victoria/.vscode/extensions/uqbar.wollok-lsp-ide-0.5.5/out/server/src/server.js:2421:42)\n    at /home/victoria/.vscode/extensions/uqbar.wollok-lsp-ide-0.5.5/out/server/src/server.js:2421:2988\n    at /home/victoria/.vscode/extensions/uqbar.wollok-lsp-ide-0.5.5/out/server/src/server.js:2430:8440","timestamp":"2026-09-05T00:54:01.559Z"}
{"level":"info","message":"⌛ Autocomplete - Reference","timeElapsed":336,"timestamp":"2026-09-05T00:54:01.574Z"}
{"level":"info","message":"⌛ Building environment","timeElapsed":598,"timestamp":"2026-09-05T00:54:02.285Z"}
{"level":"error","message":"✘ Completions for node Send ([13:34, 13:45] - juego.wpgm) failed: Error: [Send]{b9d71b} at juego.wpgm:13 exhausted all cases without a match [Send]{b9d71b} at juego.wpgm:13 exhausted all cases without a match","stack":"Error: [Send]{b9d71b} at juego.wpgm:13 exhausted all cases without a match\n    at /home/victoria/.vscode/extensions/uqbar.wollok-lsp-ide-0.5.5/out/server/src/server.js:38:6142\n    at L2 (/home/victoria/.vscode/extensions/uqbar.wollok-lsp-ide-0.5.5/out/server/src/server.js:2421:42)\n    at Jh (/home/victoria/.vscode/extensions/uqbar.wollok-lsp-ide-0.5.5/out/server/src/server.js:2421:1092)\n    at w5n (/home/victoria/.vscode/extensions/uqbar.wollok-lsp-ide-0.5.5/out/server/src/server.js:2421:1248)\n    at /home/victoria/.vscode/extensions/uqbar.wollok-lsp-ide-0.5.5/out/server/src/server.js:38:6131\n    at L2 (/home/victoria/.vscode/extensions/uqbar.wollok-lsp-ide-0.5.5/out/server/src/server.js:2421:42)\n    at /home/victoria/.vscode/extensions/uqbar.wollok-lsp-ide-0.5.5/out/server/src/server.js:2421:2988\n    at /home/victoria/.vscode/extensions/uqbar.wollok-lsp-ide-0.5.5/out/server/src/server.js:2430:8440\n    at /home/victoria/.vscode/extensions/uqbar.wollok-lsp-ide-0.5.5/out/server/src/server.js:37:74872\n    at Ke (/home/victoria/.vscode/extensions/uqbar.wollok-lsp-ide-0.5.5/out/server/src/server.js:7:8527)","timestamp":"2026-09-05T00:54:02.421Z"}
{"level":"error","message":"✘ Completions for node Return (undefined - juego.wpgm) failed: Error: [Return]{0c48ab} at juego.wpgm:-- exhausted all cases without a match [Return]{0c48ab} at juego.wpgm:-- exhausted all cases without a match","stack":"Error: [Return]{0c48ab} at juego.wpgm:-- exhausted all cases without a match\n    at /home/victoria/.vscode/extensions/uqbar.wollok-lsp-ide-0.5.5/out/server/src/server.js:38:6142\n    at L2 (/home/victoria/.vscode/extensions/uqbar.wollok-lsp-ide-0.5.5/out/server/src/server.js:2421:42)\n    at Jh (/home/victoria/.vscode/extensions/uqbar.wollok-lsp-ide-0.5.5/out/server/src/server.js:2421:1092)\n    at L2 (/home/victoria/.vscode/extensions/uqbar.wollok-lsp-ide-0.5.5/out/server/src/server.js:2421:544)\n    at Jh (/home/victoria/.vscode/extensions/uqbar.wollok-lsp-ide-0.5.5/out/server/src/server.js:2421:1092)\n    at w5n (/home/victoria/.vscode/extensions/uqbar.wollok-lsp-ide-0.5.5/out/server/src/server.js:2421:1248)\n    at /home/victoria/.vscode/extensions/uqbar.wollok-lsp-ide-0.5.5/out/server/src/server.js:38:6131\n    at L2 (/home/victoria/.vscode/extensions/uqbar.wollok-lsp-ide-0.5.5/out/server/src/server.js:2421:42)\n    at /home/victoria/.vscode/extensions/uqbar.wollok-lsp-ide-0.5.5/out/server/src/server.js:2421:2988\n    at /home/victoria/.vscode/extensions/uqbar.wollok-lsp-ide-0.5.5/out/server/src/server.js:2430:8440","timestamp":"2026-09-05T00:54:02.422Z"}
{"level":"info","message":"⌛ Autocomplete - Reference","timeElapsed":118,"timestamp":"2026-09-05T00:54:02.432Z"}
{"level":"info","message":"⌛ Building environment","timeElapsed":358,"timestamp":"2026-09-05T00:54:02.794Z"}
{"level":"info","message":"⌛ Building environment","timeElapsed":502,"timestamp":"2026-09-05T00:54:03.337Z"}
{"level":"info","message":"⌛ Validating juego.wpgm","timeElapsed":1865,"timestamp":"2026-09-05T00:54:05.213Z"}
{"level":"info","message":"⌛ Building environment","timeElapsed":856,"timestamp":"2026-09-05T00:54:06.076Z"}
{"level":"info","message":"⌛ Building environment","timeElapsed":403,"timestamp":"2026-09-05T00:54:06.492Z"}
{"level":"info","message":"⌛ Building environment","timeElapsed":291,"timestamp":"2026-09-05T00:54:06.868Z"}
{"level":"info","message":"⌛ Building environment","timeElapsed":545,"timestamp":"2026-09-05T00:54:07.443Z"}
{"level":"info","message":"⌛ Validating juego.wpgm","timeElapsed":1169,"timestamp":"2026-09-05T00:54:08.619Z"}
{"level":"info","message":"⌛ Building environment","timeElapsed":880,"timestamp":"2026-09-05T00:54:09.503Z"}
{"level":"info","message":"⌛ Building environment","timeElapsed":1210,"timestamp":"2026-09-05T00:54:10.715Z"}
{"level":"info","message":"⌛ Validating juego.wpgm","timeElapsed":1071,"timestamp":"2026-09-05T00:54:11.793Z"}
{"level":"info","message":"⌛ Building environment","timeElapsed":458,"timestamp":"2026-09-05T00:54:12.256Z"}
{"level":"info","message":"⌛ Building environment","timeElapsed":780,"timestamp":"2026-09-05T00:54:13.039Z"}
{"level":"info","message":"⌛ Validating juego.wpgm","timeElapsed":883,"timestamp":"2026-09-05T00:54:13.924Z"}
{"level":"info","message":"⌛ Building environment","timeElapsed":1947,"timestamp":"2026-09-05T00:54:15.881Z"}
{"level":"info","message":"⌛ Building environment","timeElapsed":971,"timestamp":"2026-09-05T00:54:16.857Z"}
{"level":"info","message":"⌛ Building environment","timeElapsed":985,"timestamp":"2026-09-05T00:54:17.852Z"}
{"level":"info","message":"⌛ Building environment","timeElapsed":459,"timestamp":"2026-09-05T00:54:18.444Z"}
{"level":"info","message":"⌛ Validating juego.wpgm","timeElapsed":1066,"timestamp":"2026-09-05T00:54:19.629Z"}
{"level":"info","message":"⌛ Validating juego.wpgm","timeElapsed":1889,"timestamp":"2026-09-05T00:54:21.519Z"}
{"level":"info","message":"⌛ Validating juego.wpgm","timeElapsed":1038,"timestamp":"2026-09-05T00:54:22.568Z"}
{"level":"info","message":"⌛ Validating juego.wpgm","timeElapsed":2275,"timestamp":"2026-09-05T00:54:24.869Z"}
{"level":"info","message":"⌛ Validating juego.wpgm","timeElapsed":941,"timestamp":"2026-09-05T00:54:25.831Z"}
{"level":"info","message":"⌛ Validating juego.wpgm","timeElapsed":786,"timestamp":"2026-09-05T00:54:26.619Z"}
{"level":"info","message":"⌛ Validating juego.wpgm","timeElapsed":686,"timestamp":"2026-09-05T00:54:27.313Z"}
{"level":"info","message":"⌛ Validating juego.wpgm","timeElapsed":897,"timestamp":"2026-09-05T00:54:28.211Z"}
{"level":"info","message":"⌛ Validating juego.wpgm","timeElapsed":562,"timestamp":"2026-09-05T00:54:28.778Z"}
{"level":"info","message":"⌛ Validating juego.wpgm","timeElapsed":613,"timestamp":"2026-09-05T00:54:29.396Z"}
{"level":"info","message":"⌛ Validating juego.wpgm","timeElapsed":527,"timestamp":"2026-09-05T00:54:29.925Z"}
{"level":"info","message":"⌛ Validating juego.wpgm","timeElapsed":580,"timestamp":"2026-09-05T00:54:30.514Z"}
